name;media 11 GHz;std 11 GHz;media 13 GHz;std 13 GHz;media 17 GHz;std 17 GHz;media 19 GHz;std 19 GHz;glat;glon;SNR 11 GHz;SNR 13 GHz;SNR 17 GHz;SNR 19 GHz
MFI-PSCe-001;0.33236867;0.31192172;0.5890981;0.3388324;5.544814e-10;3.7280827e-09;3.3636397e-08;2.3526218e-07;81.6509980915853;0.06799933158065;1.0503471428603826;1.880315862634101;0.8924471294790195;1.5335521524299465
MFI-PSCe-002;0.62259054;0.3777007;0.9999852;5.1592535e-05;0.42839512;0.33411044;0.415187;0.3707812;65.91999532506779;2.2770036574385037;3.049358626317292;3.6430228197736847;3.576723627336471;3.3154519391609307
MFI-PSCe-006;0.8490551;0.2485586;0.31054208;0.26969242;0.004877857;0.020284468;8.959579e-08;6.1901363e-07;80.49999717970135;3.450999143620127;1.1620812579047213;1.4119808017484918;1.5108797807890622;1.4507500703537923
MFI-PSCe-010;1.0;6.4196165e-08;0.99998915;7.5466996e-05;0.4272734;0.41305667;2.1887784e-06;1.399369e-05;73.06599919689653;8.915001440059722;5.74278291736429;5.238736193757409;2.2040145061999796;1.6917817610408339
MFI-PSCe-018;0.69177675;0.36869246;0.88931113;0.24365501;0.3169816;0.40183532;0.10672459;0.21029615;61.745000334761095;18.670002797361786;4.487438884190609;4.426760551224847;2.418187818822833;2.70094580030277
MFI-PSCe-020;0.26450846;0.3842967;0.2670723;0.37384528;0.032015387;0.10812565;0.038835216;0.10286699;-34.16000604092757;19.66200817502213;0.5029417396499505;0.37519455279499275;1.5377834702777105;1.3644889473201862
MFI-PSCe-023;1.0;0.0;0.9996979;0.001422058;0.7192231;0.2841655;0.0018225004;0.0075758495;-40.16900866617594;21.428007394316225;6.666503030122637;4.323869360492289;2.3539104941963784;1.549623810430566
MFI-PSCe-024;0.775165;0.30517626;0.9900654;0.024904747;0.9999972;9.050663e-06;0.48703846;0.37436858;52.50099716658613;22.4120042243319;2.4731941284861247;2.7587786519048296;3.0827476092649664;2.19047494277917
MFI-PSCe-025;0.9999466;0.00023137341;0.9293877;0.118400425;0.9999556;0.00029896715;0.0807179;0.20134804;80.94599686890591;22.62199315391237;4.320994221664732;3.3981072259512555;2.408500724344078;1.9417357273730511
MFI-PSCe-027;0.743472;0.3408358;0.783358;0.3149948;0.74712104;0.3708859;0.9158495;0.20801269;42.20099795484304;23.12100463822188;2.0026008632514505;1.6089908693145198;2.3736258774294448;2.649325140618451
MFI-PSCe-029;5.8082414e-06;2.2202437e-05;0.063167475;0.1800344;0.3406168;0.35928926;5.8213693e-05;0.00034602807;45.23199620931768;23.79800444845774;1.217494873466544;1.9015422819902785;2.025473329231069;1.4703939554232768
MFI-PSCe-033;0.99999833;9.706887e-06;0.9879152;0.07631868;0.10621082;0.21119681;0.4493419;0.43221265;48.84299629158606;24.378004062884678;3.473407971814717;3.6285871149770874;2.0148586849793326;1.114949489193551
MFI-PSCe-034;0.259596;0.3855983;0.16167784;0.29973823;1.3855148e-05;9.685445e-05;1.12331826e-07;5.033632e-07;-46.87399512039666;24.71500863416789;2.2482296173923957;1.808949766750854;1.8876891861851455;1.272902902529832
MFI-PSCe-035;6.3661845e-09;4.441539e-08;1.0173484e-06;5.19228e-06;2.1786065e-10;9.1585467e-10;0.0003321598;0.0014998862;62.22499628815903;25.109001410997;0.5129382045883351;;1.459032134418012;1.2991121767895288
MFI-PSCe-037;0.99469817;0.017994553;0.4391738;0.43014795;0.99970186;0.0006366219;0.0013619452;0.005396268;-54.58400176676013;26.509010073792076;2.25314719284915;2.0924368927404005;1.4441504328819221;1.299763668183748
MFI-PSCe-039;0.28049618;0.37069446;0.8747264;0.2523842;0.47848645;0.35397017;0.4977794;0.37777862;55.84799749554684;27.954003382940037;3.4995037704641536;3.133776283454705;3.202222083337771;2.5444279087829247
MFI-PSCe-040;0.9828821;0.06476088;0.69988424;0.29456267;1.2099241e-07;8.049188e-07;0.011146136;0.05306809;-61.40300194414232;28.231011248967427;0.6745492127552102;0.5419404880253759;0.8891023910562538;1.453790239046924
MFI-PSCe-041;0.10776591;0.27767828;2.9094414e-07;1.0904131e-06;5.014779e-10;2.836357e-09;5.9640444e-09;3.136374e-08;-51.92999472391155;28.68900828942168;1.0779988010752626;;3.287656992264799;3.4466809581352207
MFI-PSCe-042;0.18904036;0.25704306;0.082600005;0.16815461;0.06145377;0.13560286;0.039695308;0.08653447;43.389997369979326;29.407003634818253;0.8539422263218264;1.4139963316153583;0.8035193136548633;0.8427124923260747
MFI-PSCe-043;0.00013708962;0.00061697274;0.766831;0.296077;0.030607043;0.091619335;0.0010533733;0.0073571578;34.55999935743633;29.50200544182996;1.666187188914838;1.8593552185041053;0.44248978272286504;0.22249899141381163
MFI-PSCe-044;0.9101307;0.2274172;0.92018527;0.19350052;0.24255453;0.34188586;0.0041151885;0.013829401;65.95799817677806;29.73900136633555;1.9037999297970163;1.6204444742907358;2.58994094413349;1.6323063208445554
MFI-PSCe-046;0.4771993;0.36967835;0.09482603;0.19512044;0.18593706;0.28861335;6.041157e-05;0.00026064058;49.43799788827204;33.82100250699533;2.698010912039153;1.6728317729572615;2.083346792845077;1.4629356046304736
MFI-PSCe-048;0.9893936;0.040561788;0.84028196;0.24090317;0.007419774;0.051729873;0.009643298;0.038284063;43.584997253934965;33.97400290926848;2.239503776562026;1.8867576501338659;1.7332057322555252;1.8150097021109026
MFI-PSCe-051;0.23084185;0.2978858;0.1529347;0.26343775;0.9702811;0.0873064;0.8036782;0.19838217;35.87299932728933;35.34700453644234;1.744697417028989;1.532436697320321;3.7332938073190634;2.069761933995917
MFI-PSCe-053;0.99999994;3.260325e-07;0.99999917;3.966052e-06;0.6398259;0.40398452;0.9993662;0.0024998635;-46.94099600057192;36.11000951771517;2.0633442571616816;2.1372241293647143;1.4220696812396525;2.60859566555908
MFI-PSCe-054;0.9965507;0.009102259;0.9201311;0.17426197;0.0035621566;0.008314096;0.1663142;0.24199443;78.72599618893979;36.15799453937316;0.6813830347531431;0.5251864869376016;0.4397257758253215;0.48268914188776063
MFI-PSCe-055;0.99970496;0.001030614;0.89062726;0.19329476;0.9996844;0.0012909757;0.9604122;0.06954243;-57.14200002639203;36.16700992927871;3.6877120597257784;3.4251341441031404;3.1235020837851013;2.5840886047011495
MFI-PSCe-057;0.9069212;0.19732775;0.32176074;0.31454372;0.036774296;0.12824836;0.08058721;0.22482082;80.7160017268669;37.170992071865655;1.8125522828251213;1.8589371518243767;1.953490626265656;2.1242354829126833
MFI-PSCe-058;0.9093015;0.18291995;0.3118455;0.3391246;0.8807293;0.25693834;0.03383473;0.11623392;53.81799910960449;37.33500181218336;2.427717651435354;2.858028639416741;3.284621747050073;2.75279746493365
MFI-PSCe-059;0.8274219;0.24427943;0.38217515;0.3805799;0.9082392;0.21006194;0.110200636;0.21070015;70.2939970571641;37.84400082107448;1.252687868873175;1.7689233597107314;1.753581205624084;1.1303608457682945
MFI-PSCe-061;0.0035330472;0.014365636;0.99999946;2.5919867e-06;0.12630077;0.18828976;0.019027984;0.03189576;62.76999886116763;39.27299995990734;1.5460363557516943;3.2557922442094536;1.6798517257603915;1.4322181760342256
MFI-PSCe-064;0.89240295;0.13612783;0.97173417;0.06318777;0.6016422;0.37879902;0.05289601;0.1263996;-72.1940018233983;39.65101534195243;4.20580830464202;4.2236686827183805;1.6071535495742257;1.9158780038452292
MFI-PSCe-065;0.005989371;0.016419198;0.0022807172;0.0064188302;0.40490568;0.40076762;0.9951545;0.016205724;43.04599985563707;39.66600413723816;2.0821890831508885;1.301102684678127;1.557164540597296;1.9349593912243928
MFI-PSCe-067;0.2699909;0.33796832;0.40636003;0.38794193;0.96169835;0.15430197;0.023124008;0.10026338;45.26399842132222;40.99300356838429;1.8060108069796696;2.59845257540195;2.6172213038845205;1.5285879381166747
MFI-PSCe-068;3.319941e-05;0.00018733894;5.2580585e-06;2.2334501e-05;0.9994727;0.0024027072;0.85294586;0.21441692;35.4599975701711;41.06500295140917;1.066947607202687;0.48468520206176;2.1894659020778082;2.213079116546978
MFI-PSCe-070;0.99964213;0.0008563614;0.9794813;0.04159473;0.00036005606;0.0024972896;0.00017976211;0.00063898973;-62.86300808306871;41.55801007970514;1.9506397334087617;2.384543687189256;0.8883145845606047;0.4391343127793135
MFI-PSCe-072;0.48683667;0.39488757;0.086084455;0.21988156;0.44131052;0.42465565;0.12303202;0.21410969;38.12399907658342;41.958004296908754;1.5205934611591407;1.4373233473064633;2.9050171404861254;3.2371741249730603
MFI-PSCe-076;0.042975955;0.11513151;0.009837024;0.034035474;0.12294336;0.22976737;0.08565872;0.175094;52.77799850954553;44.16700243443187;2.0999744007825663;2.0435655621524056;1.2666338452827413;1.0298781369623768
MFI-PSCe-078;0.54762673;0.40987444;0.52173716;0.4231841;0.39601514;0.34092498;0.06657835;0.117443934;38.69399890685493;44.81700535699876;1.7228412778091973;1.830138767759245;1.6002342100986897;1.474067102963083
MFI-PSCe-079;0.8580158;0.21745165;0.9973641;0.008058924;0.9702018;0.09503328;0.9927486;0.012746835;46.87099705267433;44.97100394901216;1.0990848858482178;1.920819393978006;2.129713674958536;2.457293881847691
MFI-PSCe-081;0.9571738;0.14766611;0.064770184;0.15654673;0.8240921;0.24815705;0.021164618;0.0558167;-63.73800788179452;45.79601326727906;2.271123784004547;0.9171068810753811;1.2470736763664905;0.6982493501215363
MFI-PSCe-085;0.0009272275;0.005953665;0.053067;0.1700493;2.0269714e-05;0.00013890168;0.013397261;0.04607365;35.29600022708878;47.49800532647674;0.7618603600981909;1.6095735818443584;1.420362823563698;0.9698858505768682
MFI-PSCe-089;0.9844049;0.049098838;0.6799115;0.3703922;1.4111711e-05;4.7742218e-05;0.0030677514;0.01858931;57.04600035304341;50.04400052353195;2.9846491385444014;2.688674660573537;1.5912403830229265;0.9056112074130701
MFI-PSCe-091;0.9611137;0.15928267;0.81332433;0.33595264;0.9035524;0.21923749;0.9731724;0.08070331;35.11099906550179;51.75300253593075;2.155251338982637;2.1834507763093005;1.1590205763264723;1.7219446185868863
MFI-PSCe-094;0.99989915;0.00037764537;1.0;0.0;0.00016303328;0.0006307203;0.009004568;0.027941693;37.59400082411538;52.7340051375613;3.280626415481314;4.1592920547254115;1.11207228627137;1.1855132170836649
MFI-PSCe-097;0.9999913;4.3571068e-05;0.99999106;6.0504088e-05;0.99976707;0.0010143298;0.9880813;0.05212381;48.703997671617685;53.75300124008904;3.4282813250586637;3.149898724465788;1.9428884403411668;1.1643695780567072
MFI-PSCe-099;1.0;2.3841858e-08;0.9999992;4.0323675e-06;0.9877799;0.047981095;0.932556;0.15586995;76.0589972612127;54.67799578676263;2.4710214875820844;2.404036801641133;2.09077006958957;1.581264868465816
MFI-PSCe-100;1.2979049e-09;5.6629395e-09;0.03134669;0.1212311;0.44619873;0.30116966;0.44065914;0.38672552;-77.79499900292075;54.92501904995489;;1.6036865589340112;1.9404131385275223;1.2642599475861411
MFI-PSCe-101;1.0;0.0;1.0;0.0;1.0;0.0;0.9999594;0.00016611276;46.37599862836768;55.15400245543093;13.030078500329589;12.828828532124222;7.209593177137225;5.131939532518906
MFI-PSCe-103;6.499463e-07;3.3800632e-06;0.03491919;0.104490295;0.048983965;0.14476214;0.034574486;0.07813241;31.633998125269333;56.642002680775256;1.1631374543721797;1.380892338899901;0.8603889976928228;0.7479186192632468
MFI-PSCe-114;0.30584794;0.39427546;0.65904105;0.43183896;1.4843614e-07;7.1598737e-07;9.3860224e-05;0.00043845197;34.476001174619654;60.11000476342704;1.4630684932800015;1.6149583584580147;2.006137189610768;2.212955867606844
MFI-PSCe-118;1.0;0.0;1.0;0.0;1.0;0.0;1.0;0.0;42.35200067692859;61.09300197351785;5.1279268935163715;5.893888297195933;5.146277306414261;4.01268895676152
MFI-PSCe-119;0.9817009;0.05161638;0.6896997;0.362882;0.82650167;0.2672388;0.60550845;0.3694423;30.11999841873432;61.09500568841958;1.8379332543703808;1.6826876994675428;1.7520145508323604;2.8502591674853717
MFI-PSCe-123;1.0;0.0;0.63629556;0.38280547;0.0010804088;0.004219789;0.941779;0.16881697;59.93299817694897;61.719002771038895;2.69230876513798;1.888820095317954;1.8020125443847306;1.2712224181583451
MFI-PSCe-125;0.992741;0.017591469;0.9997973;0.00076821283;0.0004608994;0.0028489586;0.00026918837;0.0014272926;53.75299789079377;62.08000392515893;2.9355682393825675;3.18831257079021;1.5351690375678717;1.6181486403624352
MFI-PSCe-127;0.6481237;0.36479864;0.9857091;0.04641705;0.15985711;0.2957156;0.0007468534;0.00422857;33.581000856892715;62.77000466390545;1.7308799164090811;2.5869250383662123;2.9526040446608137;2.3459917922545075
MFI-PSCe-131;0.23122817;0.27691483;0.027386224;0.11393542;0.9569647;0.15869997;0.10860146;0.23671758;31.911998356081824;63.37800268017003;1.6290348247691842;1.1463209186349337;1.161288638368474;1.4438276508669918
MFI-PSCe-133;1.0;0.0;1.0;5.900559e-08;1.0;0.0;1.0;2.709226e-07;38.81899986456894;63.626003226201696;1.761687396315374;1.5333969430534535;2.8437352293794222;3.975529538604649
MFI-PSCe-135;0.03191955;0.14628296;0.0055714273;0.019615568;0.0009501186;0.004015367;0.09862498;0.20798187;65.17300377398041;63.685001031852366;2.3143564242348247;1.4424178016243208;0.9879934138980629;0.8281783462836072
MFI-PSCe-137;0.98572624;0.053751376;0.9999425;0.00015156472;0.9998515;0.0010269423;0.047500476;0.15030606;31.01599848242341;64.03500805280513;2.708192179540334;3.1247995955037386;3.249245656468289;2.385115406658338
MFI-PSCe-139;1.0;7.00196e-08;0.9999758;0.00011420309;0.6076609;0.40941343;0.9867587;0.0575453;80.30899778368382;64.66898713430483;4.677226745357291;4.604365971941481;3.048671081234132;2.058880420637425
MFI-PSCe-140;0.10963865;0.2224667;0.14910045;0.25026846;1.0;1.2587734e-07;0.40842238;0.41038546;33.19100158382189;64.97100489786489;2.981113610873292;2.6682425905466016;3.350467302945899;2.306591378841057
MFI-PSCe-141;0.9194165;0.2459317;0.9967389;0.013575626;0.48360214;0.4382857;0.00076129416;0.0035752049;40.1520001273678;65.12900145223368;1.9601905052100856;1.4076407331363912;0.8223704530205271;0.9858547663739531
MFI-PSCe-143;0.99996567;9.909985e-05;0.99992216;0.0002704447;0.99594235;0.02526947;0.023602849;0.059376433;44.19499941412331;65.49000112007849;1.256718658983341;1.5802660117596175;1.8376652295199345;1.5848494435267386
MFI-PSCe-148;0.050618593;0.13388129;0.018552493;0.053055108;0.5062623;0.3507569;0.40643415;0.34720567;-30.776001177252173;66.99300424847807;1.0715967708533587;1.4399353183524426;2.813666920042564;2.4184699834985763
MFI-PSCe-151;0.008349833;0.021662954;0.0491921;0.08538645;0.6408116;0.37529638;0.012825273;0.08483064;36.17100130681516;68.36800019878386;1.5653609115615221;1.2027223040174866;2.0285942971186373;1.2726464743010941
MFI-PSCe-156;0.09945397;0.23634909;0.45473424;0.36164966;0.99340296;0.034465443;0.8157446;0.23633522;68.413001963445;69.80699769743502;1.88737578225601;1.6959062082935583;3.1646756614232268;2.4882604979981537
MFI-PSCe-159;0.99071336;0.04853462;0.1681183;0.29097626;0.0009359851;0.0027325833;0.027077235;0.080708385;65.80799866690363;70.93900240212075;3.238358641306916;3.325573441925069;1.8264291259353602;2.022917439889366
MFI-PSCe-161;1.0;0.0;1.0;3.0392524e-08;0.86650467;0.236006;0.5370202;0.330217;33.29399875498948;71.44700280473907;5.831301418704285;5.48201839453708;2.6753631705979464;2.4590215956739163
MFI-PSCe-162;0.8931662;0.17031954;0.26986644;0.31664616;0.012359313;0.051815886;0.4204185;0.3587353;-75.328002889458;71.51101947755343;2.3443728244644326;1.4392971001332433;2.6744500583692106;1.741248611772097
MFI-PSCe-164;0.046623275;0.18196219;0.129793;0.2825514;0.9094875;0.21922897;0.16775352;0.29548877;55.57600026009412;71.62899955863688;2.127470209969203;1.5255803186911123;2.3698401820457224;2.288048848373488
MFI-PSCe-169;1.0;0.0;1.0;0.0;0.8033316;0.28334704;0.116841555;0.22524185;41.8880006299184;73.41400494205784;4.081934667906376;4.59482006883383;2.7542769322174596;1.7366657095919242
MFI-PSCe-171;1.0;0.0;0.9999953;3.3169832e-05;0.9985512;0.0039524273;0.99910474;0.0036439034;38.43500153362753;73.76500318300093;4.561077216967713;4.806285664649829;2.5561699987347293;2.577267400172766
MFI-PSCe-172;0.99999124;5.0060815e-05;0.9999452;0.00018887724;0.42365697;0.38258037;0.00026855074;0.0010691753;31.328998751891174;74.25100380934121;3.1942142171907855;3.237434234263307;2.334118944867896;1.5345293836076526
MFI-PSCe-179;0.89138025;0.25074255;0.9982678;0.008816206;0.16090183;0.3228731;0.010827325;0.07561463;44.54100066137519;76.29900682271017;2.8873142884096534;2.907370586795981;2.084647045129534;0.7432547550593768
MFI-PSCe-181;0.9999725;0.00016305964;0.9521809;0.12860297;1.3368562e-07;8.546091e-07;2.3874383e-08;7.841767e-08;42.8240016193102;76.52300602163496;2.493427536184046;1.789782370449001;1.608385304481433;1.0584431645446268
MFI-PSCe-183;0.8287792;0.31397998;0.049434554;0.15964808;2.2121405e-05;0.00012361769;8.622888e-08;5.3122136e-07;31.73400148278329;76.82600073496124;1.3100859710701307;1.828099315962131;1.0843685684100175;0.678400369968536
MFI-PSCe-184;0.8506331;0.24845183;0.6033635;0.36291692;0.18257447;0.3404389;4.7479873e-05;0.00024594925;-33.568000456659064;77.08300841532932;1.5076395046120135;2.201888522784752;2.9509371173400463;2.065461425791585
MFI-PSCe-186;1.0;0.0;1.0;0.0;1.0;0.0;0.82394844;0.22739525;-38.57000696828017;77.44400888127055;7.748474762427106;9.194535983564961;5.621938106055621;2.987690356197913
MFI-PSCe-187;0.9646143;0.08761806;0.94667554;0.13679227;0.9029907;0.17357427;0.08312685;0.22552213;32.3499988524645;77.86800051040392;2.6882719238940114;2.5805349155075477;3.0555731438906473;2.1460501480875607
MFI-PSCe-190;0.013170063;0.06532567;0.022535024;0.046285126;1.0757993e-11;7.4662915e-11;4.402776e-08;2.992393e-07;-30.01300008534253;78.33200869887114;1.313384727066069;0.8730171189951503;;0.4294210069984188
MFI-PSCe-191;0.8854166;0.21951613;0.91763926;0.13859676;0.9134826;0.17291562;0.37675464;0.37017003;55.92800180797349;78.35500509267244;1.6421668920338786;2.3864718685340445;2.8868306725567425;2.5863076440617
MFI-PSCe-195;0.9999997;1.279044e-06;0.99999565;2.777118e-05;0.9999211;0.0002884545;0.0010147592;0.0065697236;31.735001078256207;79.5630078876734;4.452844335222888;4.559135707965997;2.3238400101322547;1.5864503408374109
MFI-PSCe-196;0.9999422;0.00032129968;0.99997383;0.00012099876;3.157663e-10;1.2949173e-09;0.08044386;0.17380457;70.77800037393986;80.09499878526003;3.378865720630935;3.285944888675699;0.7369463590027199;0.40346243465252096
MFI-PSCe-198;0.9999998;9.0261193e-07;0.9999559;0.00018981892;1.4593055e-05;9.0874375e-05;4.982401e-10;3.4876348e-09;49.04399922060745;80.21600615968391;3.337380835726409;3.2254504621209352;1.8489860260497566;1.2034262978130157
MFI-PSCe-200;0.84033585;0.25866842;0.9583881;0.09428002;0.2941703;0.35110533;0.36062524;0.40772855;57.40100151856585;80.97000273213735;1.5747339522953572;1.6420323309522658;2.2668405313055753;2.227498644372325
MFI-PSCe-205;0.5223122;0.42250106;0.8346135;0.29262382;0.4609387;0.37306687;0.02357813;0.09723886;58.099999106501976;82.69600055644123;1.3480901260810498;2.390406564498807;2.39824422069408;2.178908117009448
MFI-PSCe-206;0.0055158827;0.030646643;0.86616224;0.27921245;0.00011895717;0.0005290373;0.024390616;0.081744105;55.78200214245206;82.97799864880167;1.3034638223597492;2.368566475387388;0.8314555777302194;0.2726726154886498
MFI-PSCe-207;0.98837715;0.045872334;0.98461884;0.03611786;0.97122335;0.09596674;0.019090101;0.0620648;-30.09699946527234;83.16500886198293;5.0411594485309195;4.977316501784712;2.358697255501048;1.975403203614279
MFI-PSCe-209;0.19856527;0.3031733;0.003504309;0.008694278;0.13089573;0.30799386;7.0036335e-06;4.8989317e-05;31.418999406575196;83.77100811965697;2.061828974773571;1.7629615540479993;2.6572761965959506;1.685707784346225
MFI-PSCe-210;0.97719544;0.13812076;0.9977386;0.013042925;0.9996828;0.0022117144;0.9638658;0.14360219;-40.29699634723689;84.44001117604763;0.7262960311167153;0.7621750963836388;1.540091278033816;2.3821801096022317
MFI-PSCe-218;0.95652574;0.14773263;0.77349305;0.3022056;0.0064746654;0.021574328;0.08423443;0.2406456;37.84000094378404;85.75800715703535;1.892270797313466;2.0932671635819644;2.973471769676633;2.0727848278387575
MFI-PSCe-221;0.9884803;0.036541015;0.998451;0.0057394872;1.0;0.0;0.99706155;0.0079702465;40.34299934213003;86.65800085013855;3.4484412225951444;4.964685270406324;3.9937644161084944;2.8311540400613917
MFI-PSCe-222;0.99996954;0.00012666413;1.0;1.782169e-07;0.99995154;0.00011094009;0.9982911;0.0049015605;64.55899895247877;86.79499820889508;3.8145767893967713;4.749708996991674;2.118456540553424;2.3426755850340224
MFI-PSCe-223;0.7968304;0.36075595;0.6890453;0.36833605;2.1967686e-10;1.1099971e-09;8.5044157e-13;5.3439002e-12;80.80400170807775;86.9709887557693;0.49802493328800984;1.0768152555667037;1.1205660404427564;1.1562280548787647
MFI-PSCe-224;0.9995148;0.0030566126;0.9014617;0.24767932;0.8433938;0.27843446;0.4592136;0.3709004;42.08000271963758;87.65600180480529;2.381466896256106;1.8665136961929856;2.134845407143003;2.1975275065460007
MFI-PSCe-225;0.9987752;0.005674186;0.99597025;0.012507177;0.9995069;0.001937809;0.9991904;0.0017890878;59.16600127599671;88.07100047226918;1.4182183125991812;1.5520748824244337;3.349559522343252;3.388233845962967
MFI-PSCe-226;0.9999705;0.0001502293;0.9998676;0.00067664136;0.99999815;8.08562e-06;0.9608554;0.10356974;-35.06600096787356;88.3560110689459;0.3455350988047525;0.4015902840082532;1.0486753359177283;0.8115385398711834
MFI-PSCe-227;0.9999954;2.3131766e-05;0.9927518;0.039782193;0.9999986;9.863288e-06;0.8097771;0.3531904;-38.32400420222438;88.3660058335536;1.0132226957929449;1.4263466785071741;1.7368259574204474;1.3114345080418965
MFI-PSCe-228;1.0;0.0;1.0;8.429369e-09;0.354737;0.38947362;0.65624654;0.413555;44.71200272663183;88.3920016227249;4.18053754508564;3.668605274763787;2.2993960280322487;2.0612740658539552
MFI-PSCe-230;9.558029e-09;5.0743765e-08;1.6562519e-09;8.855751e-09;0.3339107;0.3726923;0.5457798;0.39412057;37.48700049885013;89.59700411895477;1.1819554139280188;1.667286466259289;2.420806795398461;2.325998188149718
MFI-PSCe-234;1.0;0.0;1.0;8.429369e-09;0.99864143;0.005306168;0.13617888;0.26783013;57.51599987334933;90.50700548108446;3.4255739106949417;3.679721050952038;3.472990215296026;2.85878966821211
MFI-PSCe-239;0.076008886;0.19649367;0.040517326;0.18775013;0.16695355;0.2799324;0.08626539;0.17047562;30.2170001522345;91.81400754505174;;0.5354050517992063;2.0775436165030063;3.042099512768883
MFI-PSCe-241;0.83389246;0.2955809;0.6771848;0.3929541;0.028321698;0.14079957;0.9999614;0.00015532278;60.562001428794325;92.93800473997912;0.793551387716915;0.6710986201396133;2.107183878072113;2.3533720152201645
MFI-PSCe-243;0.86384606;0.22604828;1.0;8.429369e-09;0.9998964;0.000606297;0.9004541;0.20887539;-47.12499884101688;93.03801127688877;2.7745506617625386;4.969650622817878;2.614307390546982;1.9625620132088477
MFI-PSCe-244;0.10211857;0.23412599;0.27313483;0.36262;1.2650453e-08;5.6924023e-08;4.8640904e-06;1.7876033e-05;-33.09799840220026;93.27301068127906;2.1358804659866264;2.0238092387399442;1.4185505170781951;1.6836252840856332
MFI-PSCe-245;0.8650884;0.22578047;0.3854606;0.3207411;0.98532504;0.041610945;0.4094346;0.37618652;37.91600157516624;94.05300543260029;3.6754761273116956;2.6937387565080484;1.5911113068063971;1.1777648090625497
MFI-PSCe-248;0.37421742;0.3872995;0.0035658723;0.00826857;0.8797823;0.16848321;0.7904581;0.25012898;-42.84699887525603;94.82901118523064;2.03279586282002;2.2718194580530464;2.903973974642821;2.362166281453278
MFI-PSCe-249;0.98115104;0.06730895;0.85857004;0.21981029;1.2535436e-05;5.9739654e-05;0.045658756;0.15969351;69.30999881388178;95.00099828620564;3.104348949024881;2.9849936860979027;1.1545241089033051;1.6130376037413803
MFI-PSCe-251;0.9999989;4.405126e-06;0.99999774;1.18064145e-05;0.04246039;0.1697696;0.027940875;0.10070717;57.59800086670818;95.797998372998;1.6555442666826796;1.6303614093565677;2.6280253581271102;2.254797464872521
MFI-PSCe-260;1.0;0.0;1.0;0.0;1.0;0.0;0.20912506;0.32479015;58.305001718624986;98.29599944584233;4.268797211666398;4.6172812614611995;3.668557275165098;2.039434981737085
MFI-PSCe-262;0.96494806;0.08135337;0.98208374;0.049812853;0.49379948;0.37399763;0.00029603226;0.0008860914;40.77000189131231;98.72200400973418;2.480819416284175;1.7476085498876723;1.780201255930018;1.584565223712006
MFI-PSCe-266;0.98350817;0.055109832;0.15226236;0.23497733;0.16663307;0.30139393;0.00718045;0.03458708;-31.223997546074003;99.65900442035296;3.1395220239101165;1.9538428364629652;2.7036929112900663;2.9829750186790354
MFI-PSCe-271;0.99614507;0.019814245;0.63928485;0.3684247;4.2648224e-10;1.988677e-09;1.06851e-08;4.1866e-08;69.4820037779888;100.5660010204302;2.393218902140769;2.517846882504698;1.6565574502101423;1.3003790415420966
MFI-PSCe-274;1.0;0.0;1.0;0.0;0.46169612;0.4105087;0.37436217;0.36662048;80.61399997046196;101.38399298770116;3.2956428002711857;2.6002476273304915;2.7961187523107367;2.744380171522627
MFI-PSCe-276;0.8522041;0.25660497;0.99999833;7.4938994e-06;2.575906e-05;0.00013415323;1.4962559e-05;6.077479e-05;43.907003129139966;103.06100073800016;2.18590668594944;2.6718493051388847;1.0820029874574468;0.9948445503389223
MFI-PSCe-279;0.9999986;8.894215e-06;0.99999964;1.7988165e-06;0.0785176;0.16399722;0.9184992;0.17519541;61.360002323661945;104.84300389939192;3.2203744121681797;3.8124573879155093;0.8249103939865307;0.8847260448701884
MFI-PSCe-280;0.7568319;0.25372684;0.9098728;0.14255154;0.0010590069;0.0072607975;3.241391e-07;1.360317e-06;49.72300130233359;105.21100177627962;2.6718717453478398;3.2500924652431245;2.5677974479683505;2.59430029807227
MFI-PSCe-283;0.012339341;0.03354093;0.041653186;0.12191441;1.8056485e-11;1.1684985e-10;0.0004172154;0.0024495514;-41.343000533840254;106.49701004713448;1.002616077020873;1.7855111571894875;1.2597551764158887;0.8191959614931177
MFI-PSCe-287;4.2967972e-08;1.937704e-07;2.2122417e-06;9.6449e-06;1.6641341e-11;1.1647508e-10;0.0038353037;0.026806396;-50.59599123231286;107.0570084215066;0.22149687373754337;0.0078030108157548005;1.413946936211829;1.6870368968496927
MFI-PSCe-289;0.99999887;5.0271706e-06;0.9999959;1.4549729e-05;0.99998593;6.54387e-05;0.9949888;0.013980634;65.96100037933621;107.86000136031386;2.846090671963431;2.802491670440854;2.8135112495354733;2.6829075240561844
MFI-PSCe-290;0.9640818;0.13633168;1.0;0.0;0.69621736;0.39536068;0.7793543;0.33732536;84.47599977156302;107.92197809715856;2.757143997611347;3.8101813051189755;1.8413514206769768;1.8050683613535585
MFI-PSCe-291;0.00013273911;0.00059067557;2.7960382e-06;1.374141e-05;6.904776e-11;4.729959e-10;2.025233e-06;1.1050462e-05;-41.14700131030585;108.32000802827;1.6391631001815983;1.3700587863337608;1.574236592849377;1.639553115590919
MFI-PSCe-294;0.021460481;0.120346256;0.0014585698;0.0063741626;4.161936e-12;1.5908507e-11;1.0023018e-11;4.912335e-11;60.84900092749572;109.28000070732556;1.1452900484394768;1.447351348585444;0.983315724291925;1.0006676785201323
MFI-PSCe-295;0.58517766;0.40221024;0.96889275;0.077386186;1.0;3.1200057e-07;0.00098683;0.0067332545;53.026002890957294;109.52700347729244;2.0647941385582853;2.5335595655016827;3.879105822754584;2.600694287923598
MFI-PSCe-301;1.0;8.429369e-09;0.9999995;1.7300139e-06;0.57178587;0.37218064;0.0019787468;0.00808205;57.51600086885579;112.32700610281798;3.40172316529721;3.737847041573808;1.4491510258175857;0.9668572328429427
MFI-PSCe-303;0.9999624;0.00015685473;0.999969;0.00014181019;0.7796372;0.33060887;0.28694823;0.3404722;-41.89599404577555;112.822006848225;3.713810051186588;2.990104997559985;1.86297509080138;1.3027222304259787
MFI-PSCe-307;0.11397152;0.2086965;0.052359927;0.11933972;0.7610402;0.3108378;0.90337104;0.18573435;-36.341001326585406;113.92800926005648;0.7475575218758478;1.1151161839710488;1.584158629379813;2.0568888429594794
MFI-PSCe-309;0.72647405;0.40405813;0.9789389;0.06502571;0.5044152;0.39672357;0.56989294;0.38612714;50.18600294264214;114.62500357209352;2.1775545277724255;2.9248224378470455;3.0516317388047605;1.3811667937242684
MFI-PSCe-311;3.17473e-07;2.1781566e-06;1.8451918e-05;7.267139e-05;6.0547584e-10;3.605521e-09;0.008865308;0.059722897;-42.48299955232992;115.6290060027886;1.401187931955715;1.0410375371524143;0.9397917850559023;0.791096248135351
MFI-PSCe-313;0.010694695;0.046510767;0.00013212468;0.00070802774;2.2475462e-10;1.0315421e-09;0.110149816;0.2403318;-31.32099693597014;117.04600512114446;2.2064007642313572;0.06667567320906681;0.8961872689259697;0.875669825299141
MFI-PSCe-317;0.5839384;0.33699846;0.9981549;0.008047188;0.011395464;0.05505441;0.016092623;0.077991225;-52.77599870795768;118.67100653271692;2.582962270001142;3.686805381312802;2.457795503138555;0.9698843961510528
MFI-PSCe-318;0.9554605;0.08699111;0.54972;0.4057889;0.79584193;0.3716503;0.44351235;0.41206893;66.58999862994004;119.32599794271256;2.068047217905826;2.2944489377874486;1.1009098988527029;1.0821237715459906
MFI-PSCe-320;0.49542674;0.38703474;0.7540024;0.35668844;0.9898322;0.037509758;0.8941023;0.22857524;65.38099901996875;120.00499911466568;1.9481025268515029;2.1958162468162885;1.2331048629376693;0.9181493909903994
MFI-PSCe-321;0.97937536;0.105536;0.79295313;0.28892952;8.562303e-10;5.7971636e-09;5.3464605e-06;3.3573142e-05;59.27800219435857;120.01999950221624;2.6873136796011137;1.6445358684981535;0.7134558494233083;0.12589994110583072
MFI-PSCe-323;0.9944167;0.012844516;0.06833406;0.17170946;0.0003229615;0.0020233858;0.0030527476;0.014983252;-39.46299511530171;120.16500876912686;2.7988849789425276;2.164959460054002;2.075117646409643;1.525723908730027
MFI-PSCe-328;0.011298033;0.07862848;0.32972586;0.37967762;0.00047882754;0.0032209684;5.058824e-06;3.3986173e-05;-40.24499273787735;121.8680040563594;0.7524281016098298;1.6861708037409118;1.3678730709775664;0.013796947287156086
MFI-PSCe-329;9.135752e-08;4.3000577e-07;0.031251505;0.11094237;0.00044389226;0.0031024744;8.534021e-05;0.00031934425;-30.90799473825784;122.2820050354272;1.108133327456681;1.6645856511532107;0.957858072701706;1.7854803989806665
MFI-PSCe-333;0.65470904;0.34982696;0.018551812;0.063347705;0.9497015;0.16160692;0.9982208;0.0051541156;-32.46299497069785;124.52900669405908;2.3950148814236942;2.590539046739246;3.382941692242068;3.441491062605627
MFI-PSCe-334;0.9662899;0.13401163;0.0021175393;0.01071936;0.7947067;0.3272884;0.00010069214;0.00065475877;-46.429990201777855;124.7880101177116;1.3501612433328694;0.7365570260137084;1.8780993992400086;1.7322323988415798
MFI-PSCe-340;0.9999948;2.266632e-05;0.99998903;5.0176266e-05;0.22877441;0.34932685;0.3294572;0.35686517;-30.27799734215741;126.810004771379;4.780125134132962;3.6953503969439736;2.379095002617717;1.6292168625277903
MFI-PSCe-343;0.8058502;0.31302088;1.8295506e-05;7.326248e-05;0.008213509;0.04788379;0.13226327;0.27867717;-30.498997972734955;128.20500901603273;2.2239848821502077;1.1264845333404656;2.23593385852578;2.8596790263396232
MFI-PSCe-344;0.7807108;0.34764287;1.0492392e-05;7.2776485e-05;0.996519;0.016756142;0.00014014891;0.0009328229;76.19600172324726;128.23899794085594;2.0949408485392906;0.9064876553130581;2.7406544793751264;2.0806019631031285
MFI-PSCe-346;1.0;0.0;1.0;0.0;1.0;1.09581805e-07;0.99655646;0.017516445;-49.31399275048314;129.4170155118511;8.004515135458654;7.717095069373242;3.668445167029867;2.1625185594762866
MFI-PSCe-347;0.07003209;0.17913814;0.1840193;0.26588842;9.658782000000001e-18;6.76113e-17;6.3873525e-11;2.5662036e-10;-30.334996461925726;129.84300945449627;1.6696525806814677;1.5374880964317468;1.1636603460668646;1.129757653001472
MFI-PSCe-350;0.88804305;0.17060767;0.44577008;0.32522243;0.44786948;0.3823381;0.79877746;0.279839;-32.478993625643355;130.90500596404374;2.266878183447504;1.963194411813623;2.0220564364072637;1.723316134684921
MFI-PSCe-351;0.99999964;1.5573588e-06;0.9952486;0.025317036;1.0;0.0;0.9999971;1.14371205e-05;57.9720027854924;131.3580055262872;4.056301428046085;2.853259347565647;3.5761256758164963;2.737340701276825
MFI-PSCe-352;0.76881814;0.27081606;0.215531;0.31966302;0.98231566;0.068534695;0.8824818;0.28403375;79.06800346579287;131.7039932812544;3.7671813483149355;2.0045001913659903;1.6954707574698074;1.9826172724068931
MFI-PSCe-353;0.99908876;0.0018348241;0.9895403;0.022196883;3.458465e-05;0.00021753341;0.99792284;0.012128272;-37.25599402832104;131.84300965964414;2.1337581873303577;1.9532625002700752;1.2893226485590366;2.366914993518993
MFI-PSCe-355;0.009450054;0.046331283;3.3338565e-05;0.00020007884;0.0008561972;0.0052214228;0.081089824;0.23528832;-48.13900487902099;132.37200185660717;;1.0036309093186029;1.8677323949962386;1.4660492524768711
MFI-PSCe-356;0.52161133;0.34767303;0.12618947;0.20284681;0.00012285377;0.00081910193;0.18018155;0.31544638;-36.22199742237886;132.78400384846984;1.9853873802556565;1.7877513111369794;0.8090429612203267;0.8798684872200908
MFI-PSCe-357;0.033665743;0.11934429;0.19347464;0.26624212;7.496517e-05;0.00038212602;0.17270653;0.26167;67.75100215368956;132.9089993075628;2.2056702625309486;1.8788452555703254;1.2688909045980614;1.1580006097965825
MFI-PSCe-359;0.99999917;4.721079e-06;0.9951057;0.018410921;0.99881506;0.006916894;0.23447403;0.37796497;-31.26299776806525;133.61600437726025;2.2820022193403418;2.7242691374346832;3.505197279308204;2.6261505765258546
MFI-PSCe-361;0.99998885;4.1083367e-05;0.4745374;0.3336844;2.0263302e-09;8.345567e-09;9.419906e-07;6.5937984e-06;49.73500334564299;134.22900851058307;3.819982536126146;2.9507118258003744;1.4272374191132262;1.2115724651803763
MFI-PSCe-363;1.0;0.0;1.0;0.0;1.0;2.3602236e-07;1.0;7.202057e-08;-50.35000335980027;134.5960008844657;4.535932292943313;4.98054871248921;5.019956765933441;4.669409346664616
MFI-PSCe-364;0.05978562;0.12318684;0.03065665;0.08774936;0.99629354;0.024688035;0.85767305;0.25030822;55.32700242904824;135.49499944748635;1.3281091874831352;1.4786572743895854;2.2780684619192084;1.996357010486349
MFI-PSCe-367;0.9999;0.00043376602;0.72889084;0.25136033;0.48735157;0.39720133;0.0265832;0.0975691;67.74400609684272;137.13800371162327;2.620767935645561;1.8586694248171165;2.107989642026577;1.7366997787139238
MFI-PSCe-373;0.027632393;0.10176611;0.005231444;0.018574785;4.44318e-10;2.4273104e-09;0.0006535795;0.002215766;-39.81399248340578;141.05600683107517;1.8175414189356902;1.538064082201085;0.9948427651309877;0.6962775897368245
MFI-PSCe-374;0.8176033;0.24972346;0.79032236;0.261215;0.98339653;0.11244595;0.96935654;0.12809196;-38.583996755545584;141.07401216460542;4.120489221246609;4.924356115273153;2.7654120773708177;2.9441981457659345
MFI-PSCe-375;0.9985322;0.0037747333;0.7310942;0.24530885;0.66766465;0.3011619;0.37817967;0.336029;54.76200391765765;141.1640062300018;3.615532041236662;2.7072028282690708;2.4398482801504504;1.5742767170022864
MFI-PSCe-377;0.99994206;0.00028289855;0.9999929;4.633359e-05;0.92606264;0.17461812;0.54917;0.38296232;61.740000778125086;143.18300315640903;2.7535861781151003;2.4783544660272683;3.0782400840998307;2.6491307931045416
MFI-PSCe-379;0.7162574;0.34911996;0.9594443;0.16645618;0.5156714;0.4343737;0.069084026;0.20108461;67.09199816414376;143.85001021597515;1.3274666620589102;1.8126833006594976;1.8948625283406322;1.628478732333541
MFI-PSCe-385;1.0;0.0;1.0;0.0;0.99999696;1.5526297e-05;0.22890191;0.3245024;64.96900472071906;145.60200950971017;7.373677736492736;7.086652605937668;4.5581631586166695;2.684058412177721
MFI-PSCe-386;0.99999994;5.6802946e-07;0.9999994;4.137679e-06;0.6536192;0.313623;0.002986842;0.011024189;43.12700185413728;145.75000547498067;3.3960743910320073;3.5182177598668583;2.991415114877381;1.97835389267838
MFI-PSCe-389;0.988447;0.029877855;0.98419917;0.046678003;0.833116;0.2080735;0.0023003647;0.0071317623;-30.799000634221866;146.8190068992626;3.1368981667046447;2.9041482476132723;1.0297460257278077;1.7315349641782123
MFI-PSCe-391;6.412977e-05;0.00029474832;0.11188654;0.2631144;9.5332296e-05;0.00061964785;0.0005561223;0.0027729643;78.99800406765215;146.97900637769143;1.7972306698177127;2.127129634071876;1.2576007274386214;0.8179818890940237
MFI-PSCe-394;0.9997316;0.001164804;0.99953514;0.0020985734;0.000530182;0.0036061837;0.00054318755;0.0030022834;49.133002398983336;147.7690026146735;4.093706143726788;4.241118413248359;2.9129928880114897;0.7754563619084414
MFI-PSCe-395;1.0;1.8848644e-08;1.0;0.0;1.0;0.0;0.8226635;0.2989804;-43.995999217617886;147.85001297902318;5.523600876880453;6.197887473570155;2.861314547997724;2.703925948035392
MFI-PSCe-398;0.80053675;0.33881798;0.941634;0.18116722;0.17475195;0.21157777;0.41960523;0.3719997;47.28400338998559;149.03500920581584;2.0004029182179743;2.786872355127552;2.437973631866172;1.5088432876852733
MFI-PSCe-402;1.0;0.0;0.99998313;4.9435283e-05;0.9037073;0.23871069;0.32666782;0.37750852;40.99800412185101;152.23599825429932;6.076184583218647;3.2036250642013484;2.8284929593549153;2.718928099402846
MFI-PSCe-404;0.9979882;0.006181979;0.9955871;0.015283578;0.63703805;0.43048012;0.0002799064;0.0012475598;-47.34100039210829;152.58501340165148;2.2866005262577245;2.2773955678010473;2.4399348881300327;2.440796335261237
MFI-PSCe-405;9.299078e-06;4.711406e-05;0.005203684;0.022434346;0.00068908255;0.0034222675;0.016695622;0.054638993;55.56100385930049;153.9320125224742;1.4287285947873638;2.1962649369544565;2.198831517497733;2.185018185229147
MFI-PSCe-407;0.9976395;0.014615729;0.9999325;0.00046860066;0.00061208475;0.0029669635;0.03169246;0.13780016;32.38300246198621;155.06400138536375;3.546816924867613;3.1656795852894675;2.3440530703481444;2.7673902408612525
MFI-PSCe-413;0.0010604853;0.0054313196;0.002227478;0.004614678;0.016548894;0.038710576;0.3498402;0.3335941;69.48700255890203;156.16901191036962;0.46256589449083135;0.677381663053282;1.3046186067927001;0.947372186288822
MFI-PSCe-415;0.99999666;2.2902996e-05;0.9999997;1.0881073e-06;1.4360365e-05;8.199408e-05;0.006315883;0.020124184;-39.12499695036064;156.80701322343856;4.235750275070381;4.235968405839136;1.1233349895136593;1.5438979915786195
MFI-PSCe-416;1.0;1.6236113e-07;1.0;0.0;0.99879354;0.004896686;0.9890721;0.022875106;-42.72900085569139;157.06400175942264;5.488767848773543;4.746376850930469;2.585303072440896;2.08716424960697
MFI-PSCe-418;0.99315065;0.042136893;0.82703805;0.2149354;0.99960405;0.0020275335;0.99974924;0.0007455597;36.605002597028665;158.6250061318536;2.5421096219397494;2.590637779500476;3.268942398320271;3.1646877598420478
MFI-PSCe-419;1.0;0.0;0.99999946;3.3775486e-06;0.99998224;8.7451874e-05;0.3165845;0.37602872;47.91200180362681;158.6320098750048;6.252584502380061;5.336101596918104;3.067432669967399;2.050707300783548
MFI-PSCe-423;0.44075337;0.39168802;0.3041036;0.3582914;0.5031651;0.37493962;0.0019847455;0.00605111;-35.88899688269611;159.58800369786672;1.8920487819854883;1.0691318171409512;2.179525888643701;1.630682831508072
MFI-PSCe-426;0.054330837;0.14637132;0.030760968;0.12659764;0.0003021573;0.0010011098;0.0023602268;0.0154974405;33.19500275166509;160.42999888067374;1.55706963028273;1.872776568866875;1.1435237402083243;1.0341672575093763
MFI-PSCe-428;0.92538184;0.18757117;0.80422175;0.26055393;0.5749455;0.37608957;0.99175036;0.03702342;72.01700134798367;160.7510132953663;2.1643372604131095;1.8830482623940887;1.5554304062024684;1.541067048945966
MFI-PSCe-433;0.9622709;0.10769683;0.9995139;0.0013574458;0.9599476;0.13526997;0.28707284;0.32144046;-43.283001704384375;161.8560089686186;2.578539533877409;3.0146980375317955;2.503786560202554;2.1687757255446574
MFI-PSCe-434;0.40497237;0.33856514;0.7610244;0.29595765;0.9999988;4.340667e-06;0.9874946;0.037415538;35.10700149986813;161.920004428863;2.9978317320939207;3.1185865511438235;2.397347356117779;1.83109921716627
MFI-PSCe-436;1.0;0.0;1.0;0.0;0.10594127;0.18690653;0.013111502;0.07102326;36.54300232354439;162.17200334255855;8.879221815469807;7.569091117976668;2.1610983705270397;1.1352841235821152
MFI-PSCe-442;0.85609895;0.27766138;0.61891514;0.4392732;6.423561e-06;2.7070157e-05;0.0033995777;0.01604728;47.31700439449291;164.1010043344544;2.599340607159209;2.745265891626157;1.4554374864629944;1.087843790872214
MFI-PSCe-443;0.9999995;2.8061827e-06;0.9990371;0.0055753766;8.0032835e-11;3.7939607e-10;1.669201e-15;9.2234426e-15;30.593001556099352;164.1690126714964;3.734293044581163;3.3158975240604307;2.2061566167365307;0.9423126039500734
MFI-PSCe-444;1.0;1.6858738e-08;0.99999994;4.5244596e-07;0.99668396;0.014775519;0.657992;0.32119945;71.45199889838263;164.95101091090947;3.182892704137241;4.351083840792318;3.091036243919382;2.098632173854707
MFI-PSCe-445;1.0;0.0;1.0;1.7861514e-07;0.57093626;0.37914783;0.9655813;0.10591767;79.21399993477439;165.2500074732916;3.2522939780324243;4.012496348428776;1.9800691746062413;2.160726683878206
MFI-PSCe-446;0.2793843;0.2985074;0.043364767;0.109738685;0.02353177;0.087883115;0.09064722;0.19382738;49.89300460379464;165.28200418328998;1.7388630418590616;1.00594995476726;1.5004384560122226;1.2952909902231984
MFI-PSCe-452;0.19094855;0.3272698;0.05215646;0.18437569;2.4389958e-06;1.1311513e-05;9.053722e-06;6.183284e-05;46.65700453138987;167.45799914795182;1.998808422538401;1.5571924890197288;0.30948580571062306;1.0396895128742785
MFI-PSCe-453;0.9985158;0.002715503;0.71940047;0.31145808;0.017386667;0.11174377;1.7054297e-05;7.701182e-05;39.19400327943568;167.57201273764258;2.0526102479002577;2.0531853328604233;1.3034229633631609;1.950047520958285
MFI-PSCe-455;0.00675949;0.0279477;0.30504665;0.36803666;0.85738593;0.26761556;0.7531823;0.34061745;45.39000242413958;167.70000353911325;1.939724621252108;1.658978932133769;2.4039164464985574;1.8594635766144918
MFI-PSCe-463;0.19883218;0.34874704;0.11458015;0.26620203;0.14030364;0.2998554;0.12670487;0.2788366;32.617003604146056;169.12801248249133;2.521880028668142;1.7534941205628354;1.4780215251735656;0.926007090318879
MFI-PSCe-468;0.99999964;9.689377e-07;0.999996;2.562517e-05;0.08491432;0.19227473;0.4367128;0.35017154;50.73400417661542;170.03200449962242;4.246595845518347;3.9209627950180534;2.0109721573334176;1.686365342159661
MFI-PSCe-469;0.7203886;0.2732468;0.1945134;0.21428865;9.987655e-07;4.6060595e-06;0.00037833094;0.0011466637;36.383002435959135;170.16200914778975;2.3569626819132674;2.390309861619302;1.8245831869660363;2.182364559006082
MFI-PSCe-471;0.9139156;0.1890126;0.9946731;0.013999663;0.95918345;0.12588653;0.65655875;0.33364716;-37.97799381354991;170.52499970781773;1.9615670554766695;1.614143363585772;2.192448247173606;2.3518562373569587
MFI-PSCe-472;0.52466387;0.3704212;0.97288615;0.05866902;0.9996964;0.0013627178;0.12678468;0.19544479;30.17400279856542;170.56600078172198;1.5129628777653605;1.8742802421548506;2.7678647300816652;2.2697530323682034
MFI-PSCe-473;0.9844451;0.05247383;0.87585783;0.25451812;0.4431603;0.36693823;0.538033;0.3245855;-36.22399601169924;170.6219998511156;4.954508547004301;4.745489728143368;2.6922652504374622;1.890407848320381
MFI-PSCe-474;0.772493;0.24574241;0.003446414;0.016394448;0.03619816;0.14868467;0.0009944134;0.0046547293;-85.81699833328739;170.86799509430676;1.3715729904758167;1.4084391406772279;1.8807587189047639;1.385128994679184
MFI-PSCe-477;1.0;1.6858738e-08;0.9999974;1.40584525e-05;1.0;5.900559e-08;0.99995935;0.00015345133;33.17800441044827;171.15900315914544;6.792882829820093;6.880068172139535;3.163764962867067;2.8766039773136627
MFI-PSCe-484;1.0;0.0;1.0;0.0;0.15334082;0.2674722;2.88029e-08;1.1516414e-07;41.53400338345845;173.05600654889625;3.6646296624864316;3.7601716077669503;1.8644829998140349;1.9769002052473497
MFI-PSCe-485;0.72425514;0.29640442;0.9964956;0.011096061;0.0001742085;0.0005656999;2.8712561e-06;1.2188146e-05;-30.48299872547971;173.34100924212942;1.8262237780693906;2.074755452320931;1.6983684221041162;1.6521315712533888
MFI-PSCe-487;0.98102057;0.075306304;0.9999992;2.9638916e-06;1.0;0.0;0.9995594;0.0029607525;-81.68299567555731;173.5000016037054;2.7896622297040286;2.787022262348177;4.74474036603728;3.7586346550546437
MFI-PSCe-488;0.94448614;0.14872588;0.13235244;0.19966948;3.649286e-05;0.000121838624;1.1354736e-05;6.93527e-05;65.80400383531702;173.56900796905265;2.3771048895809064;2.057704678516877;1.7270410101704499;1.9432862710261853
MFI-PSCe-489;0.9992714;0.004285906;0.9999382;0.00023036459;1.0;7.679521e-08;0.99987364;0.00080985896;69.81399833102854;174.4780050146585;4.762919210458904;4.528774781581523;4.198126079411283;3.376802465198768
MFI-PSCe-490;0.99974585;0.00057799876;0.999316;0.0037886587;7.495938e-08;4.3777237e-07;4.022791e-06;2.1540838e-05;31.68000327172645;174.7200078921296;2.3838597810291153;1.8714086389854792;1.6261325294630091;1.6271051089005548
MFI-PSCe-492;1.0;0.0;1.0;0.0;0.99954695;0.0024983992;0.9398942;0.18790843;44.810004326569846;175.71700223940775;4.618460254268518;4.388747031879131;2.072359530509554;2.0793931949351303
MFI-PSCe-493;4.752171e-14;3.118778e-13;1.91163e-05;0.000105294865;9.798515e-09;5.697151e-08;0.00053579774;0.0026886836;64.76000508267474;176.2080004975522;0.5844910706895504;1.0108183110168303;0.4898195518444802;0.9876514941179416
MFI-PSCe-495;0.99998003;0.00012350387;0.99980944;0.0010478661;0.9999234;0.00024101418;0.46100795;0.39317748;58.351000854051264;177.3740005544438;4.664581644801921;4.149193767824995;3.208171308811631;2.445645947802238
MFI-PSCe-497;0.999987;5.470043e-05;0.99983954;0.00086639053;0.000929253;0.0060345437;5.4872708e-06;2.4043788e-05;33.39000230513801;178.25101390197528;3.654553679939133;3.331255937656217;1.339046744079688;1.260544871174168
MFI-PSCe-498;1.0;1.4329929e-07;1.0;1.6858738e-08;1.0;2.528811e-08;0.965455;0.040512443;42.90400224288748;178.32700292346598;1.614653718872815;1.2563234269136512;1.7528385377178792;2.347774228414157
MFI-PSCe-501;1.0;2.2992255e-07;1.0;1.6858738e-08;0.9954242;0.015810113;0.9744987;0.08955963;31.445002586732784;179.66600718816738;3.829130434735019;4.72621518884567;3.634910340545324;2.776225770464234
MFI-PSCe-503;0.9514427;0.12823358;0.00056720397;0.0020307445;0.00035239235;0.0013727015;0.04861914;0.13165525;65.00100234084839;179.76900554432953;2.3208333372495025;1.16053859394688;1.1157222249646697;1.0430945188528573
MFI-PSCe-506;0.82888055;0.30196923;0.27893582;0.3563025;0.006061563;0.0260319;0.6631197;0.31592384;34.047003767008775;180.2310097124329;1.9216804748150758;1.804255504892735;2.0478627723088643;2.4167910918913376
MFI-PSCe-508;0.80851835;0.3399338;0.9999253;0.00038181155;2.5159034e-05;8.1889564e-05;0.057140976;0.17484368;56.85200406264015;180.76200122573147;2.3970483498564223;2.4328614725920237;1.316590204676306;1.0569920370662866
MFI-PSCe-510;1.0;1.1801118e-07;1.0;2.8134403e-07;0.9999984;6.057914e-06;0.9999365;0.00025463302;50.28900433358177;180.96401200416852;1.1282361021761864;1.4380242904199412;2.717777697961521;3.2288839042667004
MFI-PSCe-512;0.9999934;2.942955e-05;0.9999979;1.4541796e-05;0.5696719;0.44513685;0.31800407;0.37574446;34.17000101481164;182.17000514274488;3.3027144132115724;2.830933117277145;2.791686619041577;2.87654229732146
MFI-PSCe-514;0.99782425;0.01112243;0.9999694;0.000101391495;0.9998878;0.00053210335;0.11749864;0.16510609;49.00200174210904;182.4320143510664;0.6273783850952106;0.4635083532703963;1.963013908189024;2.4282106518207236
MFI-PSCe-516;0.9999988;6.090148e-06;1.0;2.5484036e-07;1.0;2.528811e-08;0.8086224;0.2688694;44.18200201940985;183.8050000550789;0.9346511571256979;1.1115602474266377;1.99301685794345;2.2771110839162634
MFI-PSCe-518;0.99755377;0.009735003;0.92532957;0.15499698;0.9999981;1.3029766e-05;0.99999976;1.1190127e-06;31.890002179499923;184.88300259908772;2.8438425754677925;2.2117320099614686;3.272246653440643;3.1936090140650824
MFI-PSCe-520;0.82306635;0.28677648;0.9996733;0.0016528756;0.60665345;0.3751807;0.38744044;0.3371651;-70.22999296377105;186.0570094174932;2.3854308517430898;2.3939626363335;1.8944037462664014;1.324765742737438
MFI-PSCe-521;0.034150425;0.13004346;0.0008785399;0.0025539207;0.9997027;0.0007658354;0.30362788;0.39718533;67.48100555638948;186.70400419326387;2.9939165529061484;2.684770943294754;1.8701703342599192;1.4415942614921664
MFI-PSCe-526;0.9992586;0.004980159;0.9999735;0.00017963619;9.214323e-05;0.0006234024;0.0068197404;0.018374888;56.39200099751196;188.45900798824653;3.4365437604059426;3.0224287552304347;0.03341218471479985;
MFI-PSCe-527;0.9999997;1.3603185e-06;0.99999976;1.1565145e-06;0.9999952;1.9299703e-05;0.9409299;0.08549248;48.71600230874048;188.5000078368884;0.6329312870154563;0.9232908415758022;1.4757938013370133;1.5863710366212527
MFI-PSCe-531;0.999543;0.001544681;0.9392084;0.12291063;1.0;1.8848644e-08;0.9317991;0.17007802;82.07000237925426;189.33801415166167;1.3812045527390575;1.1582998478110123;2.3857071798777114;2.017407840545882
MFI-PSCe-532;0.99986684;0.0008405276;0.99999994;3.5543565e-07;0.12951253;0.28899062;0.13022153;0.19616446;54.0030010198684;189.98000399810024;4.260829074541589;3.237709681375693;2.176993798277144;1.4395853846514823
MFI-PSCe-534;0.0016999033;0.010775295;0.3555954;0.4003297;0.9997187;0.0010914044;0.7303703;0.37695116;55.65000418592663;190.2770012179648;0.7911073100759349;1.0096880821022889;2.668426770866176;2.9137962290961603
MFI-PSCe-535;0.7315259;0.39074442;0.7912317;0.31898302;0.33117026;0.42162964;0.09191136;0.21325259;-69.14700051787057;190.4360068813277;2.296547948682768;2.514344089941854;1.9823382382100934;1.8120583653482993
MFI-PSCe-538;0.12857981;0.2757974;0.014398193;0.042117007;0.23460826;0.33240542;0.32858604;0.3485951;61.85500217068357;191.45800168740132;2.2281080821646926;1.2381161163223762;1.7857859660629218;2.0178930271827453
MFI-PSCe-544;0.19713633;0.3079942;0.11439924;0.21812367;0.22478777;0.3057775;0.034708314;0.109404966;31.858004283533816;193.3820110245057;1.720168521657017;1.8379045483650989;1.889220134022922;1.8775555924724068
MFI-PSCe-547;0.51058793;0.35335308;0.1793719;0.33076075;0.00096698507;0.0034727438;0.06904873;0.20299749;52.33200328164976;194.2520073027933;1.8881318626522363;1.5151701244185627;2.1145581985615993;0.547212290525684
MFI-PSCe-550;1.9111634e-05;0.0001258777;0.0023331086;0.010792537;0.0075247604;0.027002906;0.7451213;0.3262308;-68.13099417143081;194.81399731226148;0.37931785537890145;0.4012538122924871;1.7992616084078086;1.8556255961833514
MFI-PSCe-556;0.9999047;0.00027095331;0.82567716;0.29068413;0.62120545;0.4068342;0.9206911;0.22360289;34.00600299317355;196.71500376504525;2.4291299935788024;2.1914863380935916;2.03661335261125;2.9513415494355386
MFI-PSCe-562;0.9836235;0.07338999;0.9261654;0.16261964;0.5070447;0.37438816;0.4802721;0.34162468;44.42500164244688;198.8620075768133;4.1287057179457465;3.1520977601333393;2.684267536903839;1.9853621654893727
MFI-PSCe-563;1.0;0.0;1.0;0.0;0.06892323;0.14365356;0.0007893552;0.0035536205;78.39200067703355;199.44801356593683;7.8565521231041275;7.777824667542035;3.5568953598740034;2.7787129482446313
MFI-PSCe-564;0.99768865;0.008175574;0.99891746;0.005007651;0.22489683;0.2558511;4.959788e-05;0.00026220712;52.664003845568914;199.60500445745964;3.180081936311511;2.5752788107479145;1.7202333416939033;1.527262023435001
MFI-PSCe-565;0.9212687;0.16713741;0.82277113;0.31425828;9.313254e-08;6.512208e-07;6.30488e-07;3.167722e-06;33.609003533082856;199.8230055434157;1.5760935942968655;2.1924191955379153;2.633375496072802;2.937113483447588
MFI-PSCe-566;0.9999901;5.3526113e-05;0.99999446;3.096422e-05;0.6150888;0.40888107;0.02096578;0.10812639;31.87900398424419;200.0190046117252;3.0569366532827877;3.227225238406629;2.002645565496506;1.7357805917915599
MFI-PSCe-567;0.025894964;0.062714055;0.60417706;0.3996419;0.008167549;0.042142183;0.018078448;0.08199819;55.17600101839398;201.07801198932623;1.3780849770621657;1.5337365049793088;1.9905344049921798;2.7948751560919325
MFI-PSCe-568;1.0;0.0;0.99999374;3.4496836e-05;0.49872467;0.37884986;6.0231145e-05;0.00040686797;-79.28300243511035;201.22599365760107;4.803697854597644;3.4634191877843676;1.5067546154609353;0.6742732864263643
MFI-PSCe-569;0.6361425;0.40432635;0.89398956;0.21224742;0.019324502;0.08730388;0.20135993;0.22909105;48.06500095123243;201.255013308811;1.49942574950174;1.0341945290614616;1.095128099377994;0.5214278862764828
MFI-PSCe-573;0.99998385;8.580332e-05;0.93549263;0.17438397;0.0029994634;0.013354082;0.0025058568;0.011072614;83.32800522903683;201.9780202629724;3.2351892409792127;2.8851703613182345;2.057477648639829;1.803877434965908
MFI-PSCe-580;0.9999959;2.3419627e-05;0.9999912;3.5919373e-05;0.99995637;0.00022116372;0.96638924;0.14757706;50.9670012259419;205.47901277558773;2.7529070487067933;3.479018636878221;2.693937018955426;1.8575831886944218
MFI-PSCe-581;0.9797764;0.12581275;0.9866626;0.06661218;0.10303522;0.23594478;0.7513221;0.35307592;80.22000338638534;205.648013727771;1.166757936904556;0.9208977081914343;0.9865576877339203;0.7874865192742804
MFI-PSCe-582;0.28572875;0.41738358;0.29454392;0.3763672;5.48559e-07;1.7296751e-06;3.5781832e-06;1.6276892e-05;36.659002560405966;205.70000477153408;;;0.8710110401066906;1.423191726012619
MFI-PSCe-584;1.0;1.8848644e-08;0.99999994;3.5683226e-07;0.9991842;0.0055371094;0.02480752;0.11697298;32.55000133859749;207.32601166141365;1.2935964922630754;1.3970612744778022;1.8869004392778723;3.20025023415513
MFI-PSCe-585;0.99999803;8.425575e-06;0.7032875;0.34537336;0.9556095;0.16749144;0.01912615;0.04835429;54.679002950398726;207.47100239852296;4.170094515289427;3.228774346611098;2.4734280201245267;1.7255814331745167
MFI-PSCe-586;6.727884e-05;0.0004687729;8.383114e-07;3.1332963e-06;0.21634859;0.28482577;0.008304533;0.023291655;-68.54800205723966;207.54499871509896;0.6590175466177269;0.326434245320944;1.142069600774026;1.1142811605166405
MFI-PSCe-589;0.31130365;0.37190536;0.08829908;0.21134353;0.99576545;0.011567737;0.90790236;0.17905687;-62.11500349029564;209.8249987997536;2.261909032462142;1.207859493442861;2.641572575666497;1.9586575380847246
MFI-PSCe-590;1.0;0.0;0.9843696;0.082650185;0.007069599;0.049065426;0.001290628;0.00887166;-65.14999189406338;209.8359997637066;4.919817749679017;4.302974479491638;1.8394809540127122;0.94718753363649
MFI-PSCe-591;1.0;1.6104289e-07;0.9998172;0.00064681785;0.9451997;0.14236195;0.010856055;0.047431186;54.4280033716589;210.6850070455412;3.647700263337619;3.552985385241779;1.8607183556449374;1.656691710406904
MFI-PSCe-592;0.99911475;0.0021920288;0.97590864;0.05340589;0.04339634;0.12335305;0.52967024;0.41328964;70.87600140947728;210.90701066503345;3.7365248234961776;3.0793854432896848;1.6468028561475163;1.117404238977071
MFI-PSCe-593;1.0;0.0;0.99968076;0.0015129104;0.7446548;0.27783713;0.3123851;0.33786073;61.008001351366936;211.57700634205284;2.7896149494585107;3.3091800337298243;3.4743527211877616;2.8517670108773263
MFI-PSCe-594;1.0;0.0;1.0;0.0;0.6972717;0.3962677;0.030048275;0.13827962;30.147001233510224;212.93801115860225;4.5233064593678485;4.999195526468881;2.8905028275954376;2.0201148477781024
MFI-PSCe-596;1.0;7.152558e-08;0.9944343;0.019363314;0.021168955;0.08213582;0.00069642195;0.004517316;-51.23199279239137;213.83400280689244;3.697671458588421;2.2466899276809214;1.1198751595168654;1.438204402313072
MFI-PSCe-598;0.30340424;0.34902605;0.89499307;0.21151775;0.07626555;0.21025586;0.006469267;0.02906418;34.43200103382954;214.04700496640663;0.9882799921108929;1.1467846962953196;1.4676956489916742;0.533684255985388
MFI-PSCe-599;0.3132706;0.4058318;0.739538;0.3027097;2.1948354e-08;1.2701918e-07;0.002300321;0.016008064;-42.41700563228724;214.3600045782909;1.6698811254433457;1.3645787330865529;0.5130528530318779;0.37917740331208544
MFI-PSCe-600;0.040323902;0.14435683;0.016386887;0.0984506;4.0447394e-06;2.3789004e-05;2.4970848e-06;9.995904e-06;59.01300227900903;214.89701351528888;1.5228156649553748;1.3272906162018079;1.6187655481169816;0.9697538970000238
MFI-PSCe-602;0.8985183;0.17738244;0.7152884;0.32709637;1.5944288e-06;7.436973e-06;8.8240785e-07;3.062028e-06;-54.26899548650702;216.83900720645465;3.098709492440983;2.6958379332902074;0.32567358732455376;1.4980149139484005
MFI-PSCe-603;0.74746406;0.252358;0.78120124;0.24953943;0.9861767;0.034046233;0.00013793501;0.00051466754;-43.14100476500074;216.86500933128391;2.8051860112562177;3.058726784990919;3.2721017513150534;2.578731033072424
MFI-PSCe-605;0.9988638;0.005108244;0.99773264;0.005907323;0.83964014;0.27206442;0.7422264;0.34862593;69.96299908608746;218.09901229642028;2.1547939622578767;2.8376298814743013;1.4012647406488667;1.3566090416767522
MFI-PSCe-606;0.99997467;7.447005e-05;0.999996;2.7810584e-05;0.00064863975;0.0028762978;0.0021656223;0.0069303657;55.4220025318168;218.1600136145252;4.3350243846087295;4.670107483748713;1.358735064684462;0.5963287858344426
MFI-PSCe-608;0.32135516;0.3805613;0.0069762897;0.039980732;0.62549686;0.4135541;0.0019114226;0.012756317;62.29900142207201;218.40700881545183;2.363381164725743;1.826794423210431;1.996016075950548;2.443466890323984
MFI-PSCe-610;0.57851684;0.3914677;0.9505774;0.11117512;0.5744101;0.358369;0.0005036203;0.0013670918;-47.02099457439365;220.95599702169557;1.3339112420812111;1.670790073015218;1.8220366620758013;1.325255230783332
MFI-PSCe-611;0.9999998;7.764635e-07;0.9999989;6.013787e-06;8.646424e-10;4.5831974e-09;5.293152e-06;3.1356114e-05;75.99600370979343;221.1010147924585;3.1229956736905997;2.7863410131395976;1.2589730757347917;0.924378178330333
MFI-PSCe-612;0.9999997;1.8972637e-06;0.9999956;2.3286793e-05;0.35814983;0.42709503;0.9153473;0.16564938;77.82800443883325;221.17401451274463;2.550169518698906;1.8877490203422178;2.2631300515132433;2.6933540699508947
MFI-PSCe-613;0.5055969;0.379074;0.3230719;0.35686693;0.8283891;0.22276376;0.98330283;0.0472079;-30.220999192774244;221.8320053899733;2.600041173663623;1.8987684580165871;2.650107700726649;2.319739314768852
MFI-PSCe-614;0.009193807;0.06014449;0.023326077;0.088848434;0.028838282;0.14003542;0.00038073573;0.001218469;63.14500190355421;222.5300103147184;1.2422977700158844;0.8365595937602761;1.1714669442132621;1.705556984005715
MFI-PSCe-616;0.989518;0.04420411;0.8340471;0.23279294;0.0014048625;0.0060810368;0.009636645;0.029451836;49.70600267863648;223.56501186438;2.9581471844569807;2.4637841625383725;1.5384381563034235;2.052885830142023
MFI-PSCe-617;0.9999569;0.00012362117;0.9978926;0.0080862;9.4678356e-08;6.539215e-07;3.3049728e-05;0.00012581582;-30.76699689451525;223.57600862547503;2.7751044178528907;2.595830550373462;0.7172992468961569;0.40752602683472006
MFI-PSCe-618;1.0;2.6185373e-07;0.9999781;0.00014328354;0.9999992;3.9515317e-06;0.22152394;0.31462047;-34.91699842580288;223.6900067573142;7.250288905726164;6.871176903304318;2.3106974380351892;1.5525193243911546
MFI-PSCe-619;0.99996966;0.000118355216;0.37572914;0.37817177;0.9873967;0.05224319;0.020450063;0.08615737;59.42099897589675;224.41801011989443;2.6109593694954456;2.4630128158896962;2.8790125465148213;2.6602233095836847
MFI-PSCe-622;0.10047282;0.18836208;0.37980148;0.4194818;0.51162416;0.40143713;0.07975469;0.21775219;50.78099945412775;227.15000354471337;1.907054004429204;2.2339967633042406;1.513208877609124;2.0806395889139004
MFI-PSCe-625;0.9977188;0.0106557645;0.9419129;0.16108567;9.606355e-05;0.0005413123;1.552624e-07;7.891626e-07;53.16800043363507;228.33300254267544;2.4220435353661394;2.5412226888777742;3.2162306689054727;3.0621340107323363
MFI-PSCe-632;0.84699464;0.23183228;0.43156514;0.39147136;0.29829848;0.3977186;0.64942366;0.3818875;84.87000370197791;232.5450367304207;2.070883859803874;1.3366612022598165;2.455794181277744;2.1768467709674866
MFI-PSCe-642;0.9992613;0.0020653058;0.9978664;0.009345463;0.19761315;0.28146163;0.40997726;0.3959391;73.05899890398243;235.6620184690002;4.479662734739999;4.000435626077699;2.1722908340863416;2.4704978581471786
MFI-PSCe-643;0.021378988;0.11204362;0.07862848;0.22817169;0.29697263;0.31651106;0.115972936;0.22671744;65.19599987777745;236.8970158118816;1.3676566853850645;1.603433568814524;1.768008773266195;1.4428935179843576
MFI-PSCe-648;0.99998975;6.0063132e-05;1.0;0.0;0.99999434;2.7594759e-05;0.55656844;0.39778897;63.945999599712096;242.2120180145413;3.6448320461916484;4.290705231872479;3.472039298019458;2.807812293462011
MFI-PSCe-659;0.48979047;0.31241465;0.9965675;0.010350441;0.90302247;0.17979431;0.9747513;0.13374263;73.73899844578803;250.14401388821423;2.0652698031992247;3.2823061177757222;1.8461601912603547;1.7818220947368808
MFI-PSCe-664;1.0;1.09581805e-07;1.0;1.2644054e-07;0.7877311;0.24870089;0.54045653;0.34648126;81.63899971007902;255.05102183027492;6.194807348622994;6.348040735682878;2.848332384304033;1.571115586331594
MFI-PSCe-666;0.00018910643;0.0006798249;0.999984;6.697693e-05;3.383256e-06;1.3833333e-05;2.1767905e-06;5.747667e-06;32.05199759183085;261.0580220152218;1.3475092757646647;2.8592688325085236;0.4505197323380439;1.10172215859335
MFI-PSCe-667;0.9437797;0.09155227;0.9983308;0.006834459;1.6517312e-07;7.334452e-07;0.0002448428;0.00095892936;76.86099947612591;261.78801345488426;0.7466121227753932;0.7982997065626835;0.9226878293006756;0.8815203057506854
MFI-PSCe-669;0.98087996;0.08820822;0.9057464;0.18504922;0.0046362113;0.024314063;5.5964404e-07;2.9751322e-06;32.32699893958276;264.4719929586664;2.3213731547181022;2.8131979593180736;2.3930558427318775;3.526784275643331
MFI-PSCe-670;0.99999994;3.0741208e-07;0.9999997;1.7705088e-06;0.00036823563;0.0017857148;0.04601059;0.19164614;71.83299936721568;266.2370147056295;0.7639410739404107;0.9761856560858977;0.8704916176583595;0.9350062051838092
MFI-PSCe-671;1.0;0.0;1.0;1.0254771e-07;0.97920454;0.11052021;0.25616828;0.32227495;34.87699805932846;266.74701754164454;4.517745170823682;5.279167276767855;3.8536300890507396;2.2705793230779228
MFI-PSCe-672;0.016010001;0.09121975;0.0022315136;0.014346255;0.0487278;0.17619357;0.98164743;0.055024087;32.10100064117718;271.81501044704333;1.4235664517685958;1.353038894758606;1.215979723260169;2.02364768198819
MFI-PSCe-676;0.9999995;3.0279512e-06;0.99947184;0.001991975;0.9999414;0.0004053478;0.8186469;0.3022611;39.587000462453815;276.717018986778;3.7232295384669207;4.1142212775374905;3.079681706239725;2.4009530550838325
MFI-PSCe-677;0.8801408;0.27696854;0.81462944;0.35365936;0.99592066;0.025409305;0.9768846;0.1404643;74.47499705877013;278.3380286651434;0.8561652005724101;0.7259061349185839;0.1299557932980938;0.41645947771035463
MFI-PSCe-679;0.0006842634;0.0026326743;0.00012729572;0.0006110316;0.004526903;0.022025548;0.05350501;0.16222909;37.47999788156195;283.6640096487838;1.3067439931200961;0.9264905204158514;0.877935528017023;1.5333080396747854
MFI-PSCe-681;0.9339422;0.15461971;0.9819481;0.050603412;2.0138598e-06;9.238473e-06;5.235211e-06;1.896052e-05;35.84099789992418;284.62201732686106;3.301195311483767;2.6893393036361304;1.6734859145282992;1.360894985407474
MFI-PSCe-682;0.92315763;0.20181605;0.9566729;0.16580139;0.1789357;0.3078055;0.046070017;0.17568496;38.87799652725173;287.4100118555131;0.8852150439772681;1.2729211585423517;1.2636907245487243;1.4427890588203034
MFI-PSCe-684;0.9419629;0.081901655;0.66300774;0.27603438;1.9935907e-05;0.00011719546;1.3109941e-05;4.60297e-05;37.78499788541195;290.6870197521454;3.6740587003681218;3.555043059360459;1.455439271541817;1.5344499705939707
MFI-PSCe-685;1.0;0.0;0.9999915;5.4183336e-05;0.9999993;3.1001637e-06;0.061817992;0.1658911;44.51399796433647;290.9960107076194;5.801441747953036;3.528935508288682;3.1577587759946137;3.140180964546318
MFI-PSCe-686;1.0;9.1177576e-08;1.0;0.0;0.35183284;0.38157168;3.121943e-05;8.893829e-05;79.12799627622799;293.5270259567479;0.191621896250839;0.1461198717582418;0.9273411076981555;1.2439275950696698
MFI-PSCe-687;1.0;2.5400252e-07;0.95289207;0.12325228;9.595825e-07;5.180271e-06;0.052879628;0.14533821;46.530995878433096;301.04599826674564;2.9996372181529387;2.5754655281951564;1.8380529403647632;0.9891627870012352
MFI-PSCe-688;1.0;0.0;1.0;3.291774e-07;0.9912339;0.048843488;0.23773393;0.2788355;37.07699729350264;301.614997908672;4.355144969801538;3.9756248631726345;3.443948842717196;0.9920194109717179
MFI-PSCe-689;0.7266605;0.3303336;0.5428305;0.3139621;0.00020579714;0.0010109029;0.07307276;0.2244955;40.518998520026855;305.20700846756483;1.777512674828632;1.984522977057136;1.0658245055731492;1.5003057529238695
MFI-PSCe-690;0.0019866535;0.01351417;1.6686413e-06;6.094744e-06;0.86660886;0.2651785;0.019709243;0.0420399;44.848996530957;305.3819965019577;0.8820160116633007;1.0980025091464254;1.433117350419243;1.7982799295905303
MFI-PSCe-691;0.9997689;0.0004906678;0.98634356;0.031328615;0.99999946;2.6526277e-06;0.87827855;0.26816;74.5569966994105;305.85700717627503;0.8312659952115261;1.0170278040600609;1.7439351516190773;2.059232760471866
MFI-PSCe-693;0.028021958;0.08030375;0.2879292;0.33630776;0.11740321;0.27583134;0.026429396;0.094720975;41.924996453855634;316.3290173612285;0.34319890025209704;1.6503862973359145;1.8302679159530453;1.707453124311433
MFI-PSCe-694;0.9872068;0.029082797;0.97953385;0.061116144;0.9825845;0.0645434;0.19403033;0.2611566;37.51399714840364;316.66501571908617;3.2040448307425313;2.8654769070390484;1.597752769277129;0.9826870847111888
MFI-PSCe-695;0.99282014;0.018246427;0.69650894;0.326717;0.28888085;0.3790093;0.08298243;0.20466983;40.521996530861934;318.4590221001514;1.7883915854068833;1.9210904750919913;0.41095825160476157;0.22485974643256562
MFI-PSCe-696;0.999969;9.938318e-05;0.9732672;0.099208504;1.4201185e-05;4.4459623e-05;0.00081693963;0.0051363125;74.22199727396104;319.45701087859715;2.6228896682950573;2.4874129463694503;1.7693136754179322;1.4105630473291426
MFI-PSCe-697;0.652081;0.30278736;0.30389383;0.30848783;0.009094156;0.053486094;0.051468305;0.18074825;43.56099795980074;320.3049999077771;1.423096051706346;1.4948833745565477;1.2578042110341392;1.8121180741398308
MFI-PSCe-701;5.5242726e-05;0.00031079756;0.015822329;0.043998737;0.00061353773;0.0039700163;3.8898514e-05;0.00021656597;37.03899848231486;328.09500794256013;1.3126349479500095;1.7196441863945537;2.303869642523491;1.9441497031906434
MFI-PSCe-702;0.67867094;0.38899478;0.98871064;0.062427912;0.42664137;0.43713203;0.00029126552;0.00091183605;39.63999638289911;330.3660039874357;1.5514649200662125;2.451256705819636;1.5474698808447354;1.7473678154504027
MFI-PSCe-704;0.9999981;9.333726e-06;0.9997596;0.001296816;0.071506865;0.13756119;0.004514403;0.01022333;34.44499666391893;333.28201942842395;2.3536818164202966;2.496557437418883;2.4450057492032826;1.517077444427054
MFI-PSCe-705;0.15985242;0.2838275;9.882757e-07;5.173239e-06;2.7496705e-08;7.9551846e-08;0.17786655;0.32602373;72.91899567631006;335.08100085252204;1.66698628190904;2.134585678140573;0.5833711278956434;0.8204957968577374
MFI-PSCe-713;1.0;0.0;1.0;0.0;0.99992156;0.0004940449;0.19689704;0.33405927;70.16599732852228;347.19299843029575;7.4685153168552905;6.466352028504379;2.9168169690499672;1.5296487292046854
MFI-PSCe-727;0.9999899;5.544183e-05;0.9973742;0.0067048273;0.00030345004;0.001191281;5.676809e-09;3.278375e-08;-33.263;103.549;4.858278071818803;4.259141042989966;2.4863334089770084;2.026507776917191
MFI-PSCe-729;1.0;0.0;1.0;2.9502795e-07;0.033323392;0.09670922;0.0018171448;0.0070270575;51.78000000000001;153.18000000000004;3.505349641909226;3.1571440594659324;3.426579243458457;2.0055555973093213
MFI-PSCe-736;0.21245371;0.30822703;0.09458119;0.1991647;0.8277528;0.30673808;0.996156;0.021238297;53.423;166.85700000000003;0.8734160803285387;0.9197884742941239;3.5086868204070703;3.9862450630586412
MFI-PSCe-739;0.0058560534;0.018721627;0.00069130765;0.0022443952;0.61126655;0.39615643;0.9995022;0.0016491519;55.125999999999976;165.87799999999996;0.2121165909671033;0.6749329163507078;3.046809615593966;5.0722370777667045
