;filename;media;std
0;0/foto_1.jpg;[0.11051732];[0.15339887]
1;0/foto_10.jpg;[0.05365738];[0.11571081]
2;0/foto_100.jpg;[0.00563972];[0.01183326]
3;0/foto_101.jpg;[0.00058059];[0.00190853]
4;0/foto_102.jpg;[0.00220118];[0.01191612]
5;0/foto_103.jpg;[0.7846031];[0.2525424]
6;0/foto_104.jpg;[0.000113];[0.00051305]
7;0/foto_105.jpg;[0.00051613];[0.0017013]
8;0/foto_106.jpg;[0.01668449];[0.06262854]
9;0/foto_107.jpg;[0.2099573];[0.2647072]
10;0/foto_108.jpg;[0.37831855];[0.1951413]
11;0/foto_109.jpg;[0.00973128];[0.02861317]
12;0/foto_11.jpg;[0.02136468];[0.07596023]
13;0/foto_110.jpg;[0.17728886];[0.1956142]
14;0/foto_111.jpg;[0.0110781];[0.04344116]
15;0/foto_112.jpg;[0.1661624];[0.16134451]
16;0/foto_113.jpg;[0.19147207];[0.20930228]
17;0/foto_114.jpg;[0.00061614];[0.00192958]
18;0/foto_115.jpg;[0.02069324];[0.06018659]
19;0/foto_116.jpg;[0.07582112];[0.1521254]
20;0/foto_117.jpg;[0.03205743];[0.08110908]
21;0/foto_118.jpg;[0.04451872];[0.1086162]
22;0/foto_119.jpg;[0.00067904];[0.00169826]
23;0/foto_12.jpg;[0.01431631];[0.05467631]
24;0/foto_120.jpg;[0.35471007];[0.28230992]
25;0/foto_121.jpg;[0.03306159];[0.05818696]
26;0/foto_122.jpg;[0.00095888];[0.00339945]
27;0/foto_123.jpg;[0.0641288];[0.07675343]
28;0/foto_124.jpg;[0.01253856];[0.04241774]
29;0/foto_125.jpg;[0.00369642];[0.00768764]
30;0/foto_126.jpg;[0.06867226];[0.11973647]
31;0/foto_127.jpg;[0.5650254];[0.31108943]
32;0/foto_128.jpg;[0.01507127];[0.05196812]
33;0/foto_129.jpg;[0.02846754];[0.08847068]
34;0/foto_13.jpg;[0.0006572];[0.00335861]
35;0/foto_130.jpg;[0.46621868];[0.28152913]
36;0/foto_131.jpg;[0.01689672];[0.03734561]
37;0/foto_132.jpg;[0.003517];[0.01876573]
38;0/foto_133.jpg;[0.0065815];[0.01522426]
39;0/foto_134.jpg;[0.50138485];[0.23232324]
40;0/foto_135.jpg;[0.00204552];[0.00359647]
41;0/foto_136.jpg;[0.01812173];[0.05850401]
42;0/foto_137.jpg;[0.00598055];[0.02583166]
43;0/foto_138.jpg;[0.01249597];[0.03408571]
44;0/foto_139.jpg;[0.07022753];[0.14827748]
45;0/foto_14.jpg;[0.0064488];[0.02040184]
46;0/foto_140.jpg;[0.03652703];[0.11215786]
47;0/foto_141.jpg;[0.00982033];[0.03031093]
48;0/foto_142.jpg;[0.00923717];[0.03616242]
49;0/foto_143.jpg;[0.37592176];[0.28080514]
50;0/foto_144.jpg;[0.688712];[0.31824088]
51;0/foto_145.jpg;[0.37965786];[0.28016564]
52;0/foto_146.jpg;[0.12972373];[0.19491588]
53;0/foto_147.jpg;[0.3382416];[0.22691232]
54;0/foto_148.jpg;[0.5048579];[0.2718458]
55;0/foto_149.jpg;[0.02470716];[0.07624143]
56;0/foto_15.jpg;[0.00268706];[0.01437326]
57;0/foto_150.jpg;[0.00137176];[0.00462923]
58;0/foto_151.jpg;[0.04864611];[0.12371416]
59;0/foto_152.jpg;[0.00903407];[0.02321679]
60;0/foto_153.jpg;[0.7260979];[0.28106514]
61;0/foto_154.jpg;[0.07297395];[0.10824612]
62;0/foto_155.jpg;[0.25710317];[0.2676173]
63;0/foto_156.jpg;[0.5168811];[0.29270723]
64;0/foto_157.jpg;[0.00308263];[0.00862539]
65;0/foto_158.jpg;[0.09286568];[0.11848179]
66;0/foto_159.jpg;[0.0291573];[0.05624653]
67;0/foto_16.jpg;[0.00103];[0.00411499]
68;0/foto_160.jpg;[0.37163663];[0.31421438]
69;0/foto_161.jpg;[0.18242624];[0.21458498]
70;0/foto_162.jpg;[0.00207034];[0.00818433]
71;0/foto_163.jpg;[0.04825976];[0.09253803]
72;0/foto_164.jpg;[0.54224676];[0.3510777]
73;0/foto_165.jpg;[0.01840465];[0.07571274]
74;0/foto_166.jpg;[0.00830619];[0.02497971]
75;0/foto_167.jpg;[0.00231801];[0.00867031]
76;0/foto_168.jpg;[0.03842311];[0.07625144]
77;0/foto_169.jpg;[0.00014619];[0.00059265]
78;0/foto_17.jpg;[0.01530058];[0.03560714]
79;0/foto_170.jpg;[0.00010179];[0.00044158]
80;0/foto_171.jpg;[0.19147247];[0.22377408]
81;0/foto_172.jpg;[0.1813517];[0.24931003]
82;0/foto_173.jpg;[0.11623625];[0.17350294]
83;0/foto_174.jpg;[0.24219814];[0.2938329]
84;0/foto_175.jpg;[0.00123458];[0.00456845]
85;0/foto_176.jpg;[0.05221953];[0.08787788]
86;0/foto_177.jpg;[0.18711804];[0.25343308]
87;0/foto_178.jpg;[0.00888503];[0.0310958]
88;0/foto_179.jpg;[0.01985368];[0.04091166]
89;0/foto_18.jpg;[0.19531004];[0.23162001]
90;0/foto_180.jpg;[0.33954906];[0.22367972]
91;0/foto_181.jpg;[0.00252936];[0.01477379]
92;0/foto_182.jpg;[0.00063675];[0.00194608]
93;0/foto_183.jpg;[0.02981785];[0.10084131]
94;0/foto_184.jpg;[0.02117432];[0.05123036]
95;0/foto_185.jpg;[0.02815621];[0.05874668]
96;0/foto_186.jpg;[0.01882576];[0.06780004]
97;0/foto_187.jpg;[0.01317428];[0.02254853]
98;0/foto_188.jpg;[0.05395729];[0.1380224]
99;0/foto_189.jpg;[0.01253605];[0.05678035]
100;0/foto_19.jpg;[0.00278324];[0.01666232]
101;0/foto_190.jpg;[0.29753864];[0.25462133]
102;0/foto_191.jpg;[0.382075];[0.2502637]
103;0/foto_192.jpg;[0.09185672];[0.16646978]
104;0/foto_193.jpg;[0.00176235];[0.00759071]
105;0/foto_194.jpg;[0.00356109];[0.01310258]
106;0/foto_195.jpg;[0.03351012];[0.11048203]
107;0/foto_196.jpg;[0.5033167];[0.31938437]
108;0/foto_197.jpg;[0.06770641];[0.14393073]
109;0/foto_198.jpg;[0.01060782];[0.02540487]
110;0/foto_199.jpg;[0.00307231];[0.01448722]
111;0/foto_2.jpg;[0.00224377];[0.0081634]
112;0/foto_20.jpg;[0.45496124];[0.34918883]
113;0/foto_200.jpg;[0.0130822];[0.06248894]
114;0/foto_201.jpg;[0.01373527];[0.03727264]
115;0/foto_202.jpg;[0.01463392];[0.04403539]
116;0/foto_203.jpg;[0.00022361];[0.00083293]
117;0/foto_204.jpg;[0.10622415];[0.18065973]
118;0/foto_205.jpg;[0.06902312];[0.10248434]
119;0/foto_206.jpg;[0.00077429];[0.00290508]
120;0/foto_207.jpg;[0.02997557];[0.07507315]
121;0/foto_208.jpg;[0.00282053];[0.00939074]
122;0/foto_209.jpg;[0.01391324];[0.0408506]
123;0/foto_21.jpg;[0.09873546];[0.13492413]
124;0/foto_210.jpg;[0.05857606];[0.11160957]
125;0/foto_211.jpg;[0.00038655];[0.00082477]
126;0/foto_212.jpg;[0.00366294];[0.01790661]
127;0/foto_213.jpg;[0.01296372];[0.04057871]
128;0/foto_214.jpg;[0.00080356];[0.00277556]
129;0/foto_215.jpg;[0.07356837];[0.1327793]
130;0/foto_216.jpg;[0.0001929];[0.00080671]
131;0/foto_217.jpg;[0.06945617];[0.12936385]
132;0/foto_218.jpg;[0.00374107];[0.0095152]
133;0/foto_219.jpg;[0.78440523];[0.19433087]
134;0/foto_22.jpg;[0.16730718];[0.1820752]
135;0/foto_220.jpg;[0.0367261];[0.09136889]
136;0/foto_221.jpg;[0.01176159];[0.02380283]
137;0/foto_222.jpg;[0.00592899];[0.03235463]
138;0/foto_223.jpg;[0.00070467];[0.00544188]
139;0/foto_224.jpg;[0.01344811];[0.04270006]
140;0/foto_225.jpg;[0.00082126];[0.00243499]
141;0/foto_226.jpg;[6.620324e-05];[0.00030678]
142;0/foto_227.jpg;[0.20148098];[0.13082598]
143;0/foto_228.jpg;[0.0059662];[0.03020699]
144;0/foto_229.jpg;[0.88156843];[0.20755425]
145;0/foto_23.jpg;[0.04791167];[0.12801708]
146;0/foto_230.jpg;[0.5064584];[0.2424799]
147;0/foto_231.jpg;[0.1064139];[0.18798476]
148;0/foto_232.jpg;[0.01726637];[0.0788099]
149;0/foto_233.jpg;[0.09749798];[0.13498303]
150;0/foto_234.jpg;[0.00052061];[0.00204454]
151;0/foto_235.jpg;[0.09892644];[0.18586002]
152;0/foto_236.jpg;[0.05779904];[0.13589802]
153;0/foto_237.jpg;[0.6732213];[0.301873]
154;0/foto_238.jpg;[0.08622646];[0.12658373]
155;0/foto_239.jpg;[0.04297316];[0.15001185]
156;0/foto_24.jpg;[0.00252758];[0.01103554]
157;0/foto_240.jpg;[0.05161018];[0.07523695]
158;0/foto_241.jpg;[0.00097386];[0.0050449]
159;0/foto_242.jpg;[0.00572006];[0.03662433]
160;0/foto_243.jpg;[0.00142062];[0.0048596]
161;0/foto_244.jpg;[0.00102119];[0.00402747]
162;0/foto_245.jpg;[0.2866186];[0.25188333]
163;0/foto_246.jpg;[0.02359531];[0.05098525]
164;0/foto_247.jpg;[0.0014649];[0.00622191]
165;0/foto_248.jpg;[0.00038107];[0.00195297]
166;0/foto_249.jpg;[0.0058272];[0.0210213]
167;0/foto_25.jpg;[0.00381836];[0.01454276]
168;0/foto_250.jpg;[0.14904341];[0.2276621]
169;0/foto_251.jpg;[0.00553456];[0.0168397]
170;0/foto_252.jpg;[0.00970673];[0.02184591]
171;0/foto_253.jpg;[0.00749942];[0.01415157]
172;0/foto_254.jpg;[0.00315946];[0.01027446]
173;0/foto_255.jpg;[0.7248067];[0.26554433]
174;0/foto_256.jpg;[0.00033004];[0.00096782]
175;0/foto_257.jpg;[0.00555552];[0.026608]
176;0/foto_258.jpg;[0.01707717];[0.03576619]
177;0/foto_259.jpg;[0.0038578];[0.00634315]
178;0/foto_26.jpg;[0.00732152];[0.01492203]
179;0/foto_260.jpg;[0.44982737];[0.29990375]
180;0/foto_261.jpg;[0.02657032];[0.04865327]
181;0/foto_262.jpg;[0.00178322];[0.00808804]
182;0/foto_263.jpg;[0.02749699];[0.08865786]
183;0/foto_264.jpg;[0.05804406];[0.0746232]
184;0/foto_265.jpg;[0.1074575];[0.14042838]
185;0/foto_266.jpg;[0.00262611];[0.00992788]
186;0/foto_267.jpg;[0.00591937];[0.04337434]
187;0/foto_268.jpg;[0.01065821];[0.02789878]
188;0/foto_269.jpg;[0.00029665];[0.00147072]
189;0/foto_27.jpg;[0.8212575];[0.15713316]
190;0/foto_270.jpg;[0.0016517];[0.00402474]
191;0/foto_271.jpg;[0.5269684];[0.27675465]
192;0/foto_272.jpg;[0.16251957];[0.16223662]
193;0/foto_273.jpg;[0.03122764];[0.06679553]
194;0/foto_274.jpg;[0.7889518];[0.20961007]
195;0/foto_275.jpg;[0.00647083];[0.01816111]
196;0/foto_276.jpg;[0.00015479];[0.00089224]
197;0/foto_277.jpg;[0.00282262];[0.02367886]
198;0/foto_278.jpg;[0.00704316];[0.03623784]
199;0/foto_279.jpg;[0.00501575];[0.01090915]
200;0/foto_28.jpg;[0.04733267];[0.08727384]
201;0/foto_280.jpg;[0.8421615];[0.18573748]
202;0/foto_281.jpg;[0.00200708];[0.01232446]
203;0/foto_282.jpg;[0.00425085];[0.02194534]
204;0/foto_283.jpg;[0.11555021];[0.15418585]
205;0/foto_284.jpg;[0.03613064];[0.05479347]
206;0/foto_285.jpg;[0.08040237];[0.0961078]
207;0/foto_286.jpg;[0.15595376];[0.22545463]
208;0/foto_287.jpg;[0.01456994];[0.03969309]
209;0/foto_288.jpg;[0.00287235];[0.0113929]
210;0/foto_289.jpg;[0.01152672];[0.034788]
211;0/foto_29.jpg;[0.00972589];[0.0277297]
212;0/foto_290.jpg;[0.00080785];[0.00247388]
213;0/foto_291.jpg;[0.15588994];[0.18214521]
214;0/foto_292.jpg;[0.01110348];[0.04864359]
215;0/foto_293.jpg;[0.00159985];[0.0027574]
216;0/foto_294.jpg;[0.00469034];[0.01134897]
217;0/foto_295.jpg;[0.00249573];[0.00599001]
218;0/foto_296.jpg;[0.0001901];[0.00070242]
219;0/foto_297.jpg;[0.00195198];[0.0062808]
220;0/foto_298.jpg;[0.27262446];[0.23088059]
221;0/foto_299.jpg;[0.13465402];[0.1803396]
222;0/foto_3.jpg;[0.00803674];[0.01686798]
223;0/foto_30.jpg;[0.00586814];[0.02620409]
224;0/foto_300.jpg;[0.02194662];[0.06139447]
225;0/foto_301.jpg;[0.02764647];[0.08736533]
226;0/foto_302.jpg;[0.09127424];[0.1249344]
227;0/foto_303.jpg;[0.0005968];[0.00259291]
228;0/foto_304.jpg;[0.65000504];[0.24654345]
229;0/foto_305.jpg;[0.0141434];[0.03747196]
230;0/foto_306.jpg;[0.00393708];[0.01723908]
231;0/foto_307.jpg;[0.01097082];[0.02102871]
232;0/foto_308.jpg;[0.00663328];[0.01650401]
233;0/foto_309.jpg;[0.01580637];[0.03692362]
234;0/foto_31.jpg;[0.00137242];[0.00329493]
235;0/foto_310.jpg;[0.3462027];[0.2999014]
236;0/foto_311.jpg;[0.01134945];[0.02931665]
237;0/foto_312.jpg;[0.01511918];[0.04895159]
238;0/foto_313.jpg;[0.01396056];[0.03580428]
239;0/foto_314.jpg;[0.08487885];[0.14833654]
240;0/foto_315.jpg;[0.00034797];[0.00107284]
241;0/foto_316.jpg;[0.0025956];[0.00512217]
242;0/foto_317.jpg;[0.03078223];[0.07616419]
243;0/foto_318.jpg;[0.005195];[0.01720311]
244;0/foto_319.jpg;[0.859969];[0.14734465]
245;0/foto_32.jpg;[0.06962608];[0.10097808]
246;0/foto_320.jpg;[0.01833468];[0.03859231]
247;0/foto_321.jpg;[0.02339585];[0.0821745]
248;0/foto_322.jpg;[0.03317363];[0.07416067]
249;0/foto_323.jpg;[0.00225374];[0.01221171]
250;0/foto_324.jpg;[0.01754707];[0.04015452]
251;0/foto_325.jpg;[0.00093743];[0.00367168]
252;0/foto_326.jpg;[0.16685875];[0.2098929]
253;0/foto_327.jpg;[0.04449212];[0.08151342]
254;0/foto_328.jpg;[0.00170716];[0.00558848]
255;0/foto_329.jpg;[2.0461e-05];[7.99505e-05]
256;0/foto_33.jpg;[0.00232991];[0.0121592]
257;0/foto_330.jpg;[0.03578523];[0.08662777]
258;0/foto_331.jpg;[0.00298525];[0.01382915]
259;0/foto_332.jpg;[0.02422968];[0.05552858]
260;0/foto_333.jpg;[0.00019202];[0.00052486]
261;0/foto_334.jpg;[0.15215623];[0.16544439]
262;0/foto_335.jpg;[0.02888077];[0.06551797]
263;0/foto_336.jpg;[0.00162226];[0.0046199]
264;0/foto_337.jpg;[0.01733235];[0.05119266]
265;0/foto_338.jpg;[0.02382518];[0.04123789]
266;0/foto_339.jpg;[0.10081708];[0.19160801]
267;0/foto_34.jpg;[0.45046684];[0.26661485]
268;0/foto_340.jpg;[0.00012353];[0.00024432]
269;0/foto_341.jpg;[0.09388968];[0.16119644]
270;0/foto_342.jpg;[0.03900201];[0.09115933]
271;0/foto_343.jpg;[0.31658852];[0.24689153]
272;0/foto_344.jpg;[0.00086715];[0.0061644]
273;0/foto_345.jpg;[0.65469503];[0.25375786]
274;0/foto_346.jpg;[0.15428123];[0.2468871]
275;0/foto_347.jpg;[0.05127348];[0.09903871]
276;0/foto_348.jpg;[0.05496119];[0.1013186]
277;0/foto_349.jpg;[0.00422312];[0.02217638]
278;0/foto_35.jpg;[0.59388506];[0.332029]
279;0/foto_350.jpg;[0.00096105];[0.00360707]
280;0/foto_351.jpg;[0.395425];[0.2566428]
281;0/foto_352.jpg;[0.17051968];[0.17160377]
282;0/foto_353.jpg;[0.01148387];[0.03242234]
283;0/foto_354.jpg;[0.00035342];[0.00196341]
284;0/foto_355.jpg;[0.08431339];[0.15259281]
285;0/foto_356.jpg;[0.040084];[0.09136777]
286;0/foto_357.jpg;[0.01870893];[0.04559564]
287;0/foto_358.jpg;[0.0132725];[0.04110147]
288;0/foto_359.jpg;[0.02507647];[0.06864118]
289;0/foto_36.jpg;[0.02595135];[0.07994733]
290;0/foto_360.jpg;[0.27488044];[0.25958273]
291;0/foto_361.jpg;[0.00029354];[0.00156653]
292;0/foto_362.jpg;[0.03282785];[0.07861689]
293;0/foto_363.jpg;[0.01966032];[0.03838597]
294;0/foto_364.jpg;[0.03196213];[0.0877289]
295;0/foto_365.jpg;[0.05156548];[0.10729966]
296;0/foto_366.jpg;[0.01612311];[0.03789759]
297;0/foto_367.jpg;[0.45203915];[0.30554906]
298;0/foto_368.jpg;[0.0008834];[0.00265885]
299;0/foto_369.jpg;[0.00669415];[0.01676963]
300;0/foto_37.jpg;[0.10591906];[0.12663154]
301;0/foto_370.jpg;[0.00669022];[0.01370471]
302;0/foto_371.jpg;[0.7635729];[0.21809787]
303;0/foto_372.jpg;[0.03941083];[0.12724382]
304;0/foto_373.jpg;[0.01774427];[0.03156385]
305;0/foto_374.jpg;[0.01919156];[0.08502677]
306;0/foto_375.jpg;[2.874788e-05];[7.977545e-05]
307;0/foto_376.jpg;[0.04495188];[0.07891338]
308;0/foto_377.jpg;[0.19499935];[0.19960533]
309;0/foto_378.jpg;[0.01074782];[0.05933893]
310;0/foto_379.jpg;[0.00543338];[0.03571513]
311;0/foto_38.jpg;[0.20476255];[0.21860686]
312;0/foto_380.jpg;[0.00396135];[0.01737339]
313;0/foto_381.jpg;[0.32252666];[0.25368705]
314;0/foto_382.jpg;[0.02523788];[0.07137421]
315;0/foto_383.jpg;[0.52339536];[0.3066651]
316;0/foto_384.jpg;[0.58681035];[0.29976913]
317;0/foto_385.jpg;[0.00234688];[0.00476195]
318;0/foto_386.jpg;[0.02147393];[0.03734687]
319;0/foto_387.jpg;[0.00620879];[0.0133845]
320;0/foto_388.jpg;[0.0150805];[0.04865916]
321;0/foto_389.jpg;[0.03258006];[0.05196741]
322;0/foto_39.jpg;[0.00651048];[0.01513101]
323;0/foto_390.jpg;[0.00525657];[0.01618162]
324;0/foto_391.jpg;[0.00464834];[0.01327578]
325;0/foto_392.jpg;[0.2037111];[0.25121185]
326;0/foto_393.jpg;[0.01601663];[0.0534007]
327;0/foto_394.jpg;[0.08849615];[0.16905253]
328;0/foto_395.jpg;[0.01445015];[0.04753878]
329;0/foto_396.jpg;[0.0053008];[0.01566111]
330;0/foto_397.jpg;[0.01299115];[0.07971735]
331;0/foto_398.jpg;[0.45545185];[0.28608772]
332;0/foto_399.jpg;[0.6295105];[0.27204517]
333;0/foto_4.jpg;[0.0012265];[0.00497062]
334;0/foto_40.jpg;[0.5073864];[0.29135555]
335;0/foto_400.jpg;[0.05103192];[0.12750354]
336;0/foto_401.jpg;[0.00960988];[0.01885898]
337;0/foto_402.jpg;[0.00204469];[0.00879782]
338;0/foto_403.jpg;[0.17421979];[0.18655892]
339;0/foto_404.jpg;[0.00312888];[0.01832806]
340;0/foto_405.jpg;[0.2405931];[0.2504647]
341;0/foto_406.jpg;[0.02713177];[0.05330305]
342;0/foto_407.jpg;[0.04153031];[0.12035534]
343;0/foto_408.jpg;[0.00027762];[0.00075577]
344;0/foto_409.jpg;[0.02979527];[0.06447646]
345;0/foto_41.jpg;[0.09127495];[0.19416785]
346;0/foto_410.jpg;[0.02645996];[0.08350897]
347;0/foto_411.jpg;[0.00459032];[0.01857873]
348;0/foto_412.jpg;[0.1376474];[0.19082575]
349;0/foto_413.jpg;[0.00123049];[0.00576052]
350;0/foto_414.jpg;[0.17671065];[0.17572637]
351;0/foto_415.jpg;[0.00560827];[0.01325397]
352;0/foto_416.jpg;[0.00118526];[0.00405543]
353;0/foto_417.jpg;[0.00567867];[0.04457397]
354;0/foto_418.jpg;[0.02053347];[0.04762583]
355;0/foto_419.jpg;[0.01354727];[0.0536915]
356;0/foto_42.jpg;[0.01162721];[0.03470109]
357;0/foto_420.jpg;[0.00065845];[0.00263683]
358;0/foto_421.jpg;[0.0545136];[0.06924418]
359;0/foto_422.jpg;[0.36629936];[0.28690413]
360;0/foto_423.jpg;[0.01951466];[0.03524306]
361;0/foto_424.jpg;[0.06393316];[0.14753644]
362;0/foto_425.jpg;[0.00967715];[0.03330986]
363;0/foto_426.jpg;[0.01626148];[0.03227944]
364;0/foto_427.jpg;[0.00153813];[0.00434126]
365;0/foto_428.jpg;[0.02611312];[0.04953323]
366;0/foto_429.jpg;[0.02113931];[0.05630844]
367;0/foto_43.jpg;[0.16995049];[0.27849546]
368;0/foto_430.jpg;[0.00497915];[0.01899277]
369;0/foto_431.jpg;[0.01390905];[0.02362319]
370;0/foto_432.jpg;[0.02055114];[0.08342973]
371;0/foto_433.jpg;[0.15682715];[0.18092172]
372;0/foto_434.jpg;[0.00192515];[0.01011535]
373;0/foto_435.jpg;[0.00081019];[0.00304464]
374;0/foto_436.jpg;[0.0559179];[0.09833397]
375;0/foto_437.jpg;[0.00020952];[0.00065566]
376;0/foto_438.jpg;[0.71692437];[0.22954106]
377;0/foto_439.jpg;[0.31094325];[0.26055318]
378;0/foto_44.jpg;[0.00492237];[0.02482087]
379;0/foto_440.jpg;[0.01157669];[0.05610974]
380;0/foto_441.jpg;[0.00210099];[0.01260607]
381;0/foto_442.jpg;[0.03400081];[0.09472887]
382;0/foto_443.jpg;[0.72875345];[0.20660657]
383;0/foto_444.jpg;[0.03074031];[0.08517546]
384;0/foto_445.jpg;[0.00244273];[0.00515625]
385;0/foto_446.jpg;[0.2783209];[0.24892806]
386;0/foto_447.jpg;[1.29376285e-05];[5.005544e-05]
387;0/foto_448.jpg;[0.00477976];[0.01508246]
388;0/foto_449.jpg;[0.09370244];[0.17736869]
389;0/foto_45.jpg;[0.04200562];[0.08193032]
390;0/foto_450.jpg;[0.0437707];[0.09747791]
391;0/foto_451.jpg;[0.00827744];[0.02042431]
392;0/foto_452.jpg;[0.18715996];[0.2014274]
393;0/foto_453.jpg;[0.00226876];[0.01131954]
394;0/foto_454.jpg;[0.02420302];[0.04322702]
395;0/foto_455.jpg;[0.00052499];[0.00200709]
396;0/foto_456.jpg;[0.05745788];[0.12094376]
397;0/foto_457.jpg;[0.07347097];[0.16403392]
398;0/foto_458.jpg;[0.0606555];[0.09600075]
399;0/foto_459.jpg;[0.00708421];[0.02945753]
400;0/foto_46.jpg;[0.25607064];[0.24637416]
401;0/foto_460.jpg;[0.00723055];[0.02371268]
402;0/foto_461.jpg;[0.24725178];[0.26638722]
403;0/foto_462.jpg;[0.00192952];[0.00513639]
404;0/foto_463.jpg;[0.00906549];[0.05801672]
405;0/foto_464.jpg;[0.38444433];[0.28763604]
406;0/foto_465.jpg;[0.19750574];[0.2752124]
407;0/foto_466.jpg;[0.03033265];[0.07997585]
408;0/foto_467.jpg;[0.06475834];[0.10851934]
409;0/foto_468.jpg;[0.6377463];[0.27033663]
410;0/foto_469.jpg;[0.01241532];[0.03035251]
411;0/foto_47.jpg;[0.83530617];[0.21116546]
412;0/foto_470.jpg;[0.08258816];[0.16072522]
413;0/foto_471.jpg;[0.46655148];[0.24735287]
414;0/foto_472.jpg;[0.01200595];[0.0548633]
415;0/foto_473.jpg;[0.0395898];[0.06677074]
416;0/foto_474.jpg;[0.00510505];[0.02003279]
417;0/foto_475.jpg;[0.09123437];[0.16804749]
418;0/foto_476.jpg;[0.09342598];[0.13222975]
419;0/foto_477.jpg;[0.01087406];[0.05237247]
420;0/foto_478.jpg;[0.10515748];[0.1560339]
421;0/foto_479.jpg;[0.01604932];[0.04835398]
422;0/foto_48.jpg;[0.97483665];[0.03625965]
423;0/foto_480.jpg;[0.14749594];[0.21561193]
424;0/foto_481.jpg;[0.01041778];[0.02642405]
425;0/foto_482.jpg;[0.03036424];[0.06170349]
426;0/foto_483.jpg;[0.01661168];[0.05390122]
427;0/foto_484.jpg;[0.01575989];[0.05001844]
428;0/foto_485.jpg;[0.41865578];[0.27379054]
429;0/foto_486.jpg;[0.08871442];[0.18522266]
430;0/foto_487.jpg;[0.00520413];[0.01532201]
431;0/foto_488.jpg;[0.772338];[0.20121986]
432;0/foto_489.jpg;[0.01760441];[0.0600984]
433;0/foto_49.jpg;[0.00826656];[0.01903951]
434;0/foto_490.jpg;[0.10740615];[0.18839078]
435;0/foto_491.jpg;[0.01619039];[0.04811756]
436;0/foto_492.jpg;[0.01002952];[0.0301148]
437;0/foto_493.jpg;[0.16256112];[0.24093708]
438;0/foto_494.jpg;[0.02023973];[0.05611014]
439;0/foto_495.jpg;[0.82943994];[0.18032028]
440;0/foto_496.jpg;[0.00132503];[0.00895817]
441;0/foto_497.jpg;[0.01507429];[0.03921827]
442;0/foto_498.jpg;[4.199103e-06];[1.3242249e-05]
443;0/foto_499.jpg;[0.00591209];[0.02569572]
444;0/foto_5.jpg;[0.17909709];[0.18974327]
445;0/foto_50.jpg;[0.03500231];[0.0983712]
446;0/foto_500.jpg;[7.2690884e-05];[0.0002068]
447;0/foto_501.jpg;[0.00716213];[0.03736736]
448;0/foto_502.jpg;[0.01948437];[0.07665578]
449;0/foto_503.jpg;[0.00044211];[0.00141031]
450;0/foto_504.jpg;[0.13643318];[0.23105025]
451;0/foto_505.jpg;[0.00092301];[0.00327974]
452;0/foto_506.jpg;[0.00180854];[0.0057133]
453;0/foto_507.jpg;[0.06938448];[0.11574168]
454;0/foto_508.jpg;[0.00063747];[0.00236245]
455;0/foto_509.jpg;[0.02466471];[0.04590329]
456;0/foto_51.jpg;[0.03792078];[0.06925815]
457;0/foto_510.jpg;[0.00387102];[0.01482444]
458;0/foto_511.jpg;[0.05270231];[0.10082746]
459;0/foto_512.jpg;[0.00343011];[0.01012052]
460;0/foto_513.jpg;[0.00353258];[0.01309616]
461;0/foto_514.jpg;[0.2712616];[0.2914305]
462;0/foto_515.jpg;[0.00667693];[0.03381865]
463;0/foto_516.jpg;[0.02340395];[0.08250128]
464;0/foto_517.jpg;[0.0079034];[0.04388878]
465;0/foto_518.jpg;[0.04001994];[0.08265626]
466;0/foto_519.jpg;[0.00561125];[0.013992]
467;0/foto_52.jpg;[0.5591077];[0.3095246]
468;0/foto_520.jpg;[0.0112476];[0.03010147]
469;0/foto_521.jpg;[0.0001695];[0.00068814]
470;0/foto_522.jpg;[0.5636819];[0.27512664]
471;0/foto_523.jpg;[0.00461441];[0.02807425]
472;0/foto_524.jpg;[0.07094648];[0.09055056]
473;0/foto_525.jpg;[0.00536177];[0.01370285]
474;0/foto_526.jpg;[0.2574521];[0.22377358]
475;0/foto_527.jpg;[0.00706545];[0.03699113]
476;0/foto_528.jpg;[0.08568615];[0.16685449]
477;0/foto_529.jpg;[0.01710272];[0.06887756]
478;0/foto_53.jpg;[0.11910438];[0.20212194]
479;0/foto_530.jpg;[0.07948684];[0.17671642]
480;0/foto_531.jpg;[6.799695e-05];[0.00026202]
481;0/foto_532.jpg;[0.04226332];[0.10848781]
482;0/foto_533.jpg;[0.0919873];[0.17200309]
483;0/foto_534.jpg;[0.03567389];[0.07779539]
484;0/foto_535.jpg;[0.3957454];[0.34500298]
485;0/foto_536.jpg;[0.22588745];[0.264661]
486;0/foto_537.jpg;[0.02137698];[0.04755748]
487;0/foto_538.jpg;[0.00065829];[0.00177919]
488;0/foto_539.jpg;[0.00647861];[0.02058477]
489;0/foto_54.jpg;[0.07194988];[0.11755338]
490;0/foto_540.jpg;[0.00331638];[0.01552868]
491;0/foto_541.jpg;[0.15975928];[0.19248663]
492;0/foto_542.jpg;[0.00228303];[0.00889645]
493;0/foto_543.jpg;[0.00167606];[0.0074946]
494;0/foto_544.jpg;[0.0792062];[0.17369442]
495;0/foto_545.jpg;[0.03614007];[0.07643217]
496;0/foto_546.jpg;[0.03104283];[0.08716673]
497;0/foto_547.jpg;[0.8728806];[0.16707976]
498;0/foto_548.jpg;[0.00839691];[0.03821542]
499;0/foto_549.jpg;[0.09418944];[0.15032627]
500;0/foto_55.jpg;[0.32148674];[0.2948193]
501;0/foto_550.jpg;[0.09278388];[0.12821366]
502;0/foto_551.jpg;[0.00098952];[0.008953]
503;0/foto_552.jpg;[0.03102052];[0.07993795]
504;0/foto_553.jpg;[0.13795085];[0.18360323]
505;0/foto_554.jpg;[0.16753495];[0.22705908]
506;0/foto_555.jpg;[0.45521557];[0.21162213]
507;0/foto_556.jpg;[0.027529];[0.04823589]
508;0/foto_557.jpg;[0.00621985];[0.02495301]
509;0/foto_558.jpg;[0.11674417];[0.15805383]
510;0/foto_559.jpg;[0.03826374];[0.08689023]
511;0/foto_56.jpg;[0.01457418];[0.04875877]
512;0/foto_560.jpg;[0.38825583];[0.33416706]
513;0/foto_561.jpg;[0.02163396];[0.04873054]
514;0/foto_562.jpg;[5.880446e-05];[0.00022926]
515;0/foto_563.jpg;[0.00941195];[0.0543454]
516;0/foto_564.jpg;[0.02373442];[0.04161394]
517;0/foto_565.jpg;[0.19278508];[0.26110855]
518;0/foto_566.jpg;[0.06582031];[0.1387849]
519;0/foto_567.jpg;[0.02519118];[0.07479617]
520;0/foto_568.jpg;[0.01030875];[0.06843741]
521;0/foto_569.jpg;[0.4091038];[0.25748402]
522;0/foto_57.jpg;[0.0021123];[0.00511557]
523;0/foto_570.jpg;[0.01533138];[0.04931217]
524;0/foto_571.jpg;[0.09681857];[0.16314007]
525;0/foto_572.jpg;[0.00187675];[0.00680095]
526;0/foto_573.jpg;[0.3660846];[0.26039314]
527;0/foto_574.jpg;[0.02531179];[0.08661806]
528;0/foto_575.jpg;[0.01104771];[0.05283495]
529;0/foto_576.jpg;[0.8414678];[0.15541036]
530;0/foto_577.jpg;[0.12597886];[0.12031807]
531;0/foto_578.jpg;[0.01782671];[0.05097806]
532;0/foto_579.jpg;[0.00535687];[0.02194388]
533;0/foto_58.jpg;[0.08223761];[0.17004892]
534;0/foto_580.jpg;[0.00819302];[0.03031082]
535;0/foto_581.jpg;[0.00572547];[0.01601486]
536;0/foto_582.jpg;[0.07466846];[0.08319452]
537;0/foto_583.jpg;[0.01312312];[0.07576828]
538;0/foto_584.jpg;[0.00803835];[0.01658976]
539;0/foto_585.jpg;[0.00076306];[0.00356063]
540;0/foto_586.jpg;[0.02165352];[0.04693671]
541;0/foto_587.jpg;[0.00178759];[0.00594168]
542;0/foto_588.jpg;[0.01008641];[0.01770119]
543;0/foto_589.jpg;[0.20205615];[0.2546285]
544;0/foto_59.jpg;[0.0107698];[0.04739445]
545;0/foto_590.jpg;[0.17042385];[0.27406943]
546;0/foto_591.jpg;[0.53767985];[0.26466715]
547;0/foto_592.jpg;[0.04642678];[0.0959304]
548;0/foto_6.jpg;[0.80071634];[0.21720937]
549;0/foto_60.jpg;[0.67978513];[0.30362594]
550;0/foto_61.jpg;[0.00852903];[0.03618659]
551;0/foto_62.jpg;[0.04804175];[0.08133081]
552;0/foto_63.jpg;[4.5698052e-05];[0.00014818]
553;0/foto_64.jpg;[0.00058381];[0.00396328]
554;0/foto_65.jpg;[0.14637323];[0.19694713]
555;0/foto_66.jpg;[0.00187196];[0.00651762]
556;0/foto_67.jpg;[0.12253489];[0.1720445]
557;0/foto_68.jpg;[0.00565327];[0.02339863]
558;0/foto_69.jpg;[0.04123022];[0.09858058]
559;0/foto_7.jpg;[0.00026816];[0.00134744]
560;0/foto_70.jpg;[0.00180951];[0.00734992]
561;0/foto_71.jpg;[0.7537514];[0.19997212]
562;0/foto_72.jpg;[0.00897465];[0.04139333]
563;0/foto_73.jpg;[0.00105985];[0.00198026]
564;0/foto_74.jpg;[0.00955912];[0.02207472]
565;0/foto_75.jpg;[0.03902675];[0.07708445]
566;0/foto_76.jpg;[0.00373083];[0.00943373]
567;0/foto_77.jpg;[0.05369223];[0.10060816]
568;0/foto_78.jpg;[0.00023456];[0.00096423]
569;0/foto_79.jpg;[0.0078303];[0.03202714]
570;0/foto_8.jpg;[0.86142236];[0.19007066]
571;0/foto_80.jpg;[5.2925236e-05];[0.00017076]
572;0/foto_81.jpg;[0.05038389];[0.10465328]
573;0/foto_82.jpg;[0.00022601];[0.00125816]
574;0/foto_83.jpg;[0.00247712];[0.01042001]
575;0/foto_84.jpg;[0.00762837];[0.02830068]
576;0/foto_85.jpg;[0.20094422];[0.16252568]
577;0/foto_86.jpg;[0.00042637];[0.0021]
578;0/foto_87.jpg;[0.00250402];[0.00721667]
579;0/foto_88.jpg;[0.00843329];[0.0358154]
580;0/foto_89.jpg;[0.10694942];[0.1793973]
581;0/foto_9.jpg;[0.01226619];[0.02734737]
582;0/foto_90.jpg;[0.56442636];[0.22091502]
583;0/foto_91.jpg;[0.02029399];[0.0561338]
584;0/foto_92.jpg;[0.5181271];[0.2686953]
585;0/foto_93.jpg;[0.003176];[0.01353115]
586;0/foto_94.jpg;[0.0628622];[0.11628705]
587;0/foto_95.jpg;[0.13334078];[0.20771667]
588;0/foto_96.jpg;[0.12215547];[0.18066156]
589;0/foto_97.jpg;[0.4636338];[0.2946522]
590;0/foto_98.jpg;[0.09640746];[0.14426449]
591;0/foto_99.jpg;[0.00243437];[0.00942838]
592;0/.ipynb_checkpoints/foto_1-checkpoint.jpg;[0.09151176];[0.14583401]
593;0/.ipynb_checkpoints/foto_10-checkpoint.jpg;[0.06080189];[0.10536882]
594;0/.ipynb_checkpoints/foto_101-checkpoint.jpg;[0.00141571];[0.0118339]
595;0/.ipynb_checkpoints/foto_109-checkpoint.jpg;[0.0049148];[0.01358299]
596;0/.ipynb_checkpoints/foto_110-checkpoint.jpg;[0.19212197];[0.2013308]
597;0/.ipynb_checkpoints/foto_113-checkpoint.jpg;[0.17712526];[0.2179683]
598;0/.ipynb_checkpoints/foto_116-checkpoint.jpg;[0.05333711];[0.12075567]
599;0/.ipynb_checkpoints/foto_14-checkpoint.jpg;[0.00793796];[0.02282172]
600;0/.ipynb_checkpoints/foto_16-checkpoint.jpg;[0.00151697];[0.0080004]
601;0/.ipynb_checkpoints/foto_19-checkpoint.jpg;[0.00103851];[0.00560406]
602;0/.ipynb_checkpoints/foto_208-checkpoint.jpg;[0.00490113];[0.01841327]
603;0/.ipynb_checkpoints/foto_21-checkpoint.jpg;[0.09702417];[0.12962922]
604;0/.ipynb_checkpoints/foto_62-checkpoint.jpg;[0.04280831];[0.09602904]
605;0/.ipynb_checkpoints/foto_65-checkpoint.jpg;[0.20233296];[0.2222315]
606;0/.ipynb_checkpoints/foto_7-checkpoint.jpg;[7.343725e-05];[0.00031819]
607;0/.ipynb_checkpoints/foto_8-checkpoint.jpg;[0.84737265];[0.2088494]
608;0/.ipynb_checkpoints/foto_9-checkpoint.jpg;[0.01999788];[0.07992148]
609;1/fuente_PCCS2 030 G001.40+45.99_30_1.jpg;[0.99998146];[6.846092e-05]
610;1/fuente_PCCS2 030 G001.40+45.99_30_2.jpg;[0.9999515];[0.00030013]
611;1/fuente_PCCS2 030 G001.40+45.99_30_3.jpg;[0.9996021];[0.00251283]
612;1/fuente_PCCS2 030 G001.40+45.99_30_4.jpg;[0.99999136];[7.3383606e-05]
613;1/fuente_PCCS2 030 G001.40+45.99_30_5.jpg;[0.9999327];[0.00042812]
614;1/fuente_PCCS2 030 G002.46+61.45_30_1.jpg;[0.9841443];[0.03465788]
615;1/fuente_PCCS2 030 G002.46+61.45_30_2.jpg;[0.99591583];[0.02865641]
616;1/fuente_PCCS2 030 G002.46+61.45_30_3.jpg;[0.9919399];[0.02701435]
617;1/fuente_PCCS2 030 G002.46+61.45_30_4.jpg;[0.9935794];[0.01767781]
618;1/fuente_PCCS2 030 G002.46+61.45_30_5.jpg;[0.9981881];[0.00449743]
619;1/fuente_PCCS2 030 G004.14+35.54_30_1.jpg;[0.8811066];[0.15041526]
620;1/fuente_PCCS2 030 G004.14+35.54_30_2.jpg;[0.95230746];[0.0755005]
621;1/fuente_PCCS2 030 G004.14+35.54_30_3.jpg;[0.9790489];[0.04732075]
622;1/fuente_PCCS2 030 G004.14+35.54_30_4.jpg;[0.8963893];[0.10760131]
623;1/fuente_PCCS2 030 G004.14+35.54_30_5.jpg;[0.9397886];[0.09004886]
624;1/fuente_PCCS2 030 G004.46-62.04_30_1.jpg;[0.99985486];[0.00137866]
625;1/fuente_PCCS2 030 G004.46-62.04_30_2.jpg;[0.9999348];[0.00017791]
626;1/fuente_PCCS2 030 G004.46-62.04_30_3.jpg;[0.99964297];[0.00266568]
627;1/fuente_PCCS2 030 G004.46-62.04_30_4.jpg;[0.9999834];[4.5715013e-05]
628;1/fuente_PCCS2 030 G004.46-62.04_30_5.jpg;[0.9999834];[4.612992e-05]
629;1/fuente_PCCS2 030 G008.33-77.85_30_1.jpg;[0.7364246];[0.32624063]
630;1/fuente_PCCS2 030 G008.33-77.85_30_2.jpg;[0.972005];[0.09323639]
631;1/fuente_PCCS2 030 G008.33-77.85_30_3.jpg;[0.9894033];[0.02370421]
632;1/fuente_PCCS2 030 G008.33-77.85_30_4.jpg;[0.9659353];[0.08073932]
633;1/fuente_PCCS2 030 G008.33-77.85_30_5.jpg;[0.9819372];[0.0441923]
634;1/fuente_PCCS2 030 G015.31+33.07_30_1.jpg;[0.9965934];[0.00729996]
635;1/fuente_PCCS2 030 G015.31+33.07_30_2.jpg;[0.9909859];[0.01648753]
636;1/fuente_PCCS2 030 G015.31+33.07_30_3.jpg;[0.98954177];[0.0217612]
637;1/fuente_PCCS2 030 G015.31+33.07_30_4.jpg;[0.99891126];[0.00235602]
638;1/fuente_PCCS2 030 G015.31+33.07_30_5.jpg;[0.99865866];[0.00360845]
639;1/fuente_PCCS2 030 G019.66-34.16_30_1.jpg;[0.11177212];[0.19715083]
640;1/fuente_PCCS2 030 G019.66-34.16_30_2.jpg;[0.91573924];[0.12927407]
641;1/fuente_PCCS2 030 G019.66-34.16_30_3.jpg;[0.7214367];[0.30208245]
642;1/fuente_PCCS2 030 G019.66-34.16_30_4.jpg;[0.55894744];[0.34027648]
643;1/fuente_PCCS2 030 G019.66-34.16_30_5.jpg;[0.66038895];[0.3129775]
644;1/fuente_PCCS2 030 G022.41+52.50_30_1.jpg;[0.9901855];[0.02642655]
645;1/fuente_PCCS2 030 G022.41+52.50_30_2.jpg;[0.9849431];[0.02948099]
646;1/fuente_PCCS2 030 G022.41+52.50_30_3.jpg;[0.9980938];[0.00522012]
647;1/fuente_PCCS2 030 G022.41+52.50_30_4.jpg;[0.9855534];[0.05209463]
648;1/fuente_PCCS2 030 G022.41+52.50_30_5.jpg;[0.9514161];[0.11362957]
649;1/fuente_PCCS2 030 G024.72-46.87_30_1.jpg;[0.80397326];[0.20267034]
650;1/fuente_PCCS2 030 G024.72-46.87_30_2.jpg;[0.8290122];[0.237985]
651;1/fuente_PCCS2 030 G024.72-46.87_30_3.jpg;[0.5462672];[0.287853]
652;1/fuente_PCCS2 030 G024.72-46.87_30_4.jpg;[0.48592147];[0.28521594]
653;1/fuente_PCCS2 030 G024.72-46.87_30_5.jpg;[0.819278];[0.19100396]
654;1/fuente_PCCS2 030 G025.11+62.22_30_1.jpg;[0.99303645];[0.0097636]
655;1/fuente_PCCS2 030 G025.11+62.22_30_2.jpg;[0.9133745];[0.11055911]
656;1/fuente_PCCS2 030 G025.11+62.22_30_3.jpg;[0.953433];[0.06530284]
657;1/fuente_PCCS2 030 G025.11+62.22_30_4.jpg;[0.8915214];[0.18850917]
658;1/fuente_PCCS2 030 G025.11+62.22_30_5.jpg;[0.9940594];[0.01658355]
659;1/fuente_PCCS2 030 G028.23-61.40_30_1.jpg;[0.9999379];[0.00034099]
660;1/fuente_PCCS2 030 G028.23-61.40_30_2.jpg;[0.99931383];[0.00191556]
661;1/fuente_PCCS2 030 G028.23-61.40_30_3.jpg;[0.9995953];[0.00176185]
662;1/fuente_PCCS2 030 G028.23-61.40_30_4.jpg;[0.998883];[0.00611763]
663;1/fuente_PCCS2 030 G028.23-61.40_30_5.jpg;[0.9991645];[0.00313869]
664;1/fuente_PCCS2 030 G029.50+34.56_30_1.jpg;[0.9732541];[0.0469499]
665;1/fuente_PCCS2 030 G029.50+34.56_30_2.jpg;[0.9941202];[0.0111133]
666;1/fuente_PCCS2 030 G029.50+34.56_30_3.jpg;[0.8692901];[0.19218832]
667;1/fuente_PCCS2 030 G029.50+34.56_30_4.jpg;[0.96621764];[0.06745931]
668;1/fuente_PCCS2 030 G029.50+34.56_30_5.jpg;[0.995323];[0.01206807]
669;1/fuente_PCCS2 030 G039.27+62.77_30_1.jpg;[0.99969155];[0.00165328]
670;1/fuente_PCCS2 030 G039.27+62.77_30_2.jpg;[0.99931026];[0.00292474]
671;1/fuente_PCCS2 030 G039.27+62.77_30_3.jpg;[0.9999624];[0.00016654]
672;1/fuente_PCCS2 030 G039.27+62.77_30_4.jpg;[0.99869317];[0.00400788]
673;1/fuente_PCCS2 030 G039.27+62.77_30_5.jpg;[0.99919313];[0.00205003]
674;1/fuente_PCCS2 030 G039.67+43.05_30_1.jpg;[0.9995172];[0.00239231]
675;1/fuente_PCCS2 030 G039.67+43.05_30_2.jpg;[0.97311956];[0.07889182]
676;1/fuente_PCCS2 030 G039.67+43.05_30_3.jpg;[0.99961066];[0.00086965]
677;1/fuente_PCCS2 030 G039.67+43.05_30_4.jpg;[0.9987339];[0.00630344]
678;1/fuente_PCCS2 030 G039.67+43.05_30_5.jpg;[0.9995167];[0.00248983]
679;1/fuente_PCCS2 030 G040.54-40.96_30_1.jpg;[0.9999986];[6.9568528e-06]
680;1/fuente_PCCS2 030 G040.54-40.96_30_2.jpg;[0.9999191];[0.0004056]
681;1/fuente_PCCS2 030 G040.54-40.96_30_3.jpg;[0.9995302];[0.00451834]
682;1/fuente_PCCS2 030 G040.54-40.96_30_4.jpg;[0.9999998];[6.947458e-07]
683;1/fuente_PCCS2 030 G040.54-40.96_30_5.jpg;[0.99998915];[4.340291e-05]
684;1/fuente_PCCS2 030 G042.35-84.15_30_1.jpg;[0.9999455];[0.00017806]
685;1/fuente_PCCS2 030 G042.35-84.15_30_2.jpg;[0.99990267];[0.00036939]
686;1/fuente_PCCS2 030 G042.35-84.15_30_3.jpg;[0.99995893];[0.00028151]
687;1/fuente_PCCS2 030 G042.35-84.15_30_4.jpg;[0.9999529];[0.000233]
688;1/fuente_PCCS2 030 G042.35-84.15_30_5.jpg;[0.99998045];[9.873189e-05]
689;1/fuente_PCCS2 030 G043.47-39.46_30_1.jpg;[0.99994093];[0.00025638]
690;1/fuente_PCCS2 030 G043.47-39.46_30_2.jpg;[0.996079];[0.00993572]
691;1/fuente_PCCS2 030 G043.47-39.46_30_3.jpg;[0.9998486];[0.00062523]
692;1/fuente_PCCS2 030 G043.47-39.46_30_4.jpg;[0.99989176];[0.00053416]
693;1/fuente_PCCS2 030 G043.47-39.46_30_5.jpg;[0.99979043];[0.00125708]
694;1/fuente_PCCS2 030 G044.82+38.69_30_1.jpg;[0.8921682];[0.17081144]
695;1/fuente_PCCS2 030 G044.82+38.69_30_2.jpg;[0.97140574];[0.07807489]
696;1/fuente_PCCS2 030 G044.82+38.69_30_3.jpg;[0.97193];[0.09082629]
697;1/fuente_PCCS2 030 G044.82+38.69_30_4.jpg;[0.98311263];[0.03661491]
698;1/fuente_PCCS2 030 G044.82+38.69_30_5.jpg;[0.95362645];[0.1120653]
699;1/fuente_PCCS2 030 G050.04+57.05_30_1.jpg;[0.99246603];[0.01997836]
700;1/fuente_PCCS2 030 G050.04+57.05_30_2.jpg;[0.89313215];[0.19477695]
701;1/fuente_PCCS2 030 G050.04+57.05_30_3.jpg;[0.99776185];[0.00889389]
702;1/fuente_PCCS2 030 G050.04+57.05_30_4.jpg;[0.97705895];[0.04055873]
703;1/fuente_PCCS2 030 G050.04+57.05_30_5.jpg;[0.98963296];[0.02468266]
704;1/fuente_PCCS2 030 G053.75+48.70_30_1.jpg;[0.9995823];[0.00141497]
705;1/fuente_PCCS2 030 G053.75+48.70_30_2.jpg;[0.99919176];[0.00257333]
706;1/fuente_PCCS2 030 G053.75+48.70_30_3.jpg;[0.99829507];[0.01043097]
707;1/fuente_PCCS2 030 G053.75+48.70_30_4.jpg;[0.9999637];[0.00028557]
708;1/fuente_PCCS2 030 G053.75+48.70_30_5.jpg;[0.9996898];[0.00084368]
709;1/fuente_PCCS2 030 G055.23-51.70_30_1.jpg;[0.9999991];[4.935596e-06]
710;1/fuente_PCCS2 030 G055.23-51.70_30_2.jpg;[0.9999635];[0.00025419]
711;1/fuente_PCCS2 030 G055.23-51.70_30_3.jpg;[0.99999857];[6.7286833e-06]
712;1/fuente_PCCS2 030 G055.23-51.70_30_4.jpg;[0.9999855];[5.3176813e-05]
713;1/fuente_PCCS2 030 G055.23-51.70_30_5.jpg;[0.99967074];[0.00319955]
714;1/fuente_PCCS2 030 G061.06-67.07_30_1.jpg;[0.9975281];[0.01826089]
715;1/fuente_PCCS2 030 G061.06-67.07_30_2.jpg;[0.99821246];[0.00614376]
716;1/fuente_PCCS2 030 G061.06-67.07_30_3.jpg;[0.9984325];[0.00463832]
717;1/fuente_PCCS2 030 G061.06-67.07_30_4.jpg;[0.9995679];[0.00142577]
718;1/fuente_PCCS2 030 G061.06-67.07_30_5.jpg;[0.9997625];[0.00115193]
719;1/fuente_PCCS2 030 G063.69+65.17_30_1.jpg;[0.9577686];[0.08025001]
720;1/fuente_PCCS2 030 G063.69+65.17_30_2.jpg;[0.9652644];[0.09460657]
721;1/fuente_PCCS2 030 G063.69+65.17_30_3.jpg;[0.9041469];[0.19039059]
722;1/fuente_PCCS2 030 G063.69+65.17_30_4.jpg;[0.9790759];[0.05789924]
723;1/fuente_PCCS2 030 G063.69+65.17_30_5.jpg;[0.96777695];[0.08117109]
724;1/fuente_PCCS2 030 G065.49+44.19_30_1.jpg;[0.99870735];[0.0049003]
725;1/fuente_PCCS2 030 G065.49+44.19_30_2.jpg;[0.9757284];[0.04345686]
726;1/fuente_PCCS2 030 G065.49+44.19_30_3.jpg;[0.93508524];[0.07896511]
727;1/fuente_PCCS2 030 G065.49+44.19_30_4.jpg;[0.96895903];[0.05685711]
728;1/fuente_PCCS2 030 G065.49+44.19_30_5.jpg;[0.9875026];[0.03822138]
729;1/fuente_PCCS2 030 G065.52-71.92_30_1.jpg;[0.9999981];[7.998048e-06]
730;1/fuente_PCCS2 030 G065.52-71.92_30_2.jpg;[0.99999726];[1.2180583e-05]
731;1/fuente_PCCS2 030 G065.52-71.92_30_3.jpg;[0.99999803];[7.5652147e-06]
732;1/fuente_PCCS2 030 G065.52-71.92_30_4.jpg;[0.99998975];[8.2281986e-05]
733;1/fuente_PCCS2 030 G065.52-71.92_30_5.jpg;[0.9999736];[0.00015408]
734;1/fuente_PCCS2 030 G070.94+65.81_30_1.jpg;[0.99598575];[0.00909722]
735;1/fuente_PCCS2 030 G070.94+65.81_30_2.jpg;[0.99845386];[0.00357217]
736;1/fuente_PCCS2 030 G070.94+65.81_30_3.jpg;[0.99962866];[0.00177554]
737;1/fuente_PCCS2 030 G070.94+65.81_30_4.jpg;[0.9997933];[0.0007673]
738;1/fuente_PCCS2 030 G070.94+65.81_30_5.jpg;[0.99971];[0.00094955]
739;1/fuente_PCCS2 030 G074.80-45.94_30_1.jpg;[0.9838169];[0.02919611]
740;1/fuente_PCCS2 030 G074.80-45.94_30_2.jpg;[0.9907335];[0.01693512]
741;1/fuente_PCCS2 030 G074.80-45.94_30_3.jpg;[0.9844535];[0.02621269]
742;1/fuente_PCCS2 030 G074.80-45.94_30_4.jpg;[0.9892347];[0.03327414]
743;1/fuente_PCCS2 030 G074.80-45.94_30_5.jpg;[0.96794516];[0.06334797]
744;1/fuente_PCCS2 030 G076.30+44.54_30_1.jpg;[0.9957135];[0.0077757]
745;1/fuente_PCCS2 030 G076.30+44.54_30_2.jpg;[0.9777958];[0.05435719]
746;1/fuente_PCCS2 030 G076.30+44.54_30_3.jpg;[0.9123409];[0.17446809]
747;1/fuente_PCCS2 030 G076.30+44.54_30_4.jpg;[0.9991021];[0.0021152]
748;1/fuente_PCCS2 030 G076.30+44.54_30_5.jpg;[0.9987926];[0.00382346]
749;1/fuente_PCCS2 030 G077.87+32.35_30_1.jpg;[0.9842761];[0.06527478]
750;1/fuente_PCCS2 030 G077.87+32.35_30_2.jpg;[0.55578005];[0.3161352]
751;1/fuente_PCCS2 030 G077.87+32.35_30_3.jpg;[0.9939556];[0.04032104]
752;1/fuente_PCCS2 030 G077.87+32.35_30_4.jpg;[0.99755996];[0.00584404]
753;1/fuente_PCCS2 030 G077.87+32.35_30_5.jpg;[0.9489373];[0.14735597]
754;1/fuente_PCCS2 030 G078.33-30.01_30_1.jpg;[0.38707122];[0.35713458]
755;1/fuente_PCCS2 030 G078.33-30.01_30_2.jpg;[0.98477346];[0.04559631]
756;1/fuente_PCCS2 030 G078.33-30.01_30_3.jpg;[0.99646914];[0.02193087]
757;1/fuente_PCCS2 030 G078.33-30.01_30_4.jpg;[0.9937529];[0.02313528]
758;1/fuente_PCCS2 030 G078.33-30.01_30_5.jpg;[0.99796736];[0.00420313]
759;1/fuente_PCCS2 030 G078.36+55.93_30_1.jpg;[0.8781187];[0.13002384]
760;1/fuente_PCCS2 030 G078.36+55.93_30_2.jpg;[0.824767];[0.15032768]
761;1/fuente_PCCS2 030 G078.36+55.93_30_3.jpg;[0.69053215];[0.25455883]
762;1/fuente_PCCS2 030 G078.36+55.93_30_4.jpg;[0.90388525];[0.10643762]
763;1/fuente_PCCS2 030 G078.36+55.93_30_5.jpg;[0.7307827];[0.22186896]
764;1/fuente_PCCS2 030 G080.10+70.78_30_1.jpg;[0.99352974];[0.0123763]
765;1/fuente_PCCS2 030 G080.10+70.78_30_2.jpg;[0.9464914];[0.08116429]
766;1/fuente_PCCS2 030 G080.10+70.78_30_3.jpg;[0.9905739];[0.02275098]
767;1/fuente_PCCS2 030 G080.10+70.78_30_4.jpg;[0.98242784];[0.02687935]
768;1/fuente_PCCS2 030 G080.10+70.78_30_5.jpg;[0.9897704];[0.03024697]
769;1/fuente_PCCS2 030 G084.44-40.30_30_1.jpg;[0.70299375];[0.32569614]
770;1/fuente_PCCS2 030 G084.44-40.30_30_2.jpg;[0.6845798];[0.33000484]
771;1/fuente_PCCS2 030 G084.44-40.30_30_3.jpg;[0.31735957];[0.33621982]
772;1/fuente_PCCS2 030 G084.44-40.30_30_4.jpg;[0.9514727];[0.14678699]
773;1/fuente_PCCS2 030 G084.44-40.30_30_5.jpg;[0.65025735];[0.32863298]
774;1/fuente_PCCS2 030 G084.71-71.13_30_1.jpg;[0.81349254];[0.2469692]
775;1/fuente_PCCS2 030 G084.71-71.13_30_2.jpg;[0.80518967];[0.22874598]
776;1/fuente_PCCS2 030 G084.71-71.13_30_3.jpg;[0.959589];[0.0999327]
777;1/fuente_PCCS2 030 G084.71-71.13_30_4.jpg;[0.77643746];[0.25899896]
778;1/fuente_PCCS2 030 G084.71-71.13_30_5.jpg;[0.8444715];[0.20158018]
779;1/fuente_PCCS2 030 G085.46-50.90_30_1.jpg;[0.99998367];[6.638028e-05]
780;1/fuente_PCCS2 030 G085.46-50.90_30_2.jpg;[0.99995387];[0.00034818]
781;1/fuente_PCCS2 030 G085.46-50.90_30_3.jpg;[0.9999969];[2.0397209e-05]
782;1/fuente_PCCS2 030 G085.46-50.90_30_4.jpg;[0.99983156];[0.00093625]
783;1/fuente_PCCS2 030 G085.46-50.90_30_5.jpg;[0.99999046];[3.835778e-05]
784;1/fuente_PCCS2 030 G085.76+37.84_30_1.jpg;[0.9986522];[0.00493783]
785;1/fuente_PCCS2 030 G085.76+37.84_30_2.jpg;[0.9997963];[0.00072703]
786;1/fuente_PCCS2 030 G085.76+37.84_30_3.jpg;[0.9847184];[0.02766542]
787;1/fuente_PCCS2 030 G085.76+37.84_30_4.jpg;[0.9997711];[0.00087487]
788;1/fuente_PCCS2 030 G085.76+37.84_30_5.jpg;[0.9982496];[0.00456025]
789;1/fuente_PCCS2 030 G088.07+59.17_30_1.jpg;[0.9777587];[0.04820846]
790;1/fuente_PCCS2 030 G088.07+59.17_30_2.jpg;[0.9980956];[0.00736888]
791;1/fuente_PCCS2 030 G088.07+59.17_30_3.jpg;[0.986483];[0.02535996]
792;1/fuente_PCCS2 030 G088.07+59.17_30_4.jpg;[0.9884546];[0.02100204]
793;1/fuente_PCCS2 030 G088.07+59.17_30_5.jpg;[0.9942779];[0.01017109]
794;1/fuente_PCCS2 030 G088.36-35.07_30_1.jpg;[0.997066];[0.00926949]
795;1/fuente_PCCS2 030 G088.36-35.07_30_2.jpg;[0.9830239];[0.03398959]
796;1/fuente_PCCS2 030 G088.36-35.07_30_3.jpg;[0.97454506];[0.05988787]
797;1/fuente_PCCS2 030 G088.36-35.07_30_4.jpg;[0.9984199];[0.00659157]
798;1/fuente_PCCS2 030 G088.36-35.07_30_5.jpg;[0.993972];[0.01293468]
799;1/fuente_PCCS2 030 G099.32+33.73_30_1.jpg;[0.9989605];[0.00281604]
800;1/fuente_PCCS2 030 G099.32+33.73_30_2.jpg;[0.99971014];[0.00078701]
801;1/fuente_PCCS2 030 G099.32+33.73_30_3.jpg;[0.9517734];[0.07789809]
802;1/fuente_PCCS2 030 G099.32+33.73_30_4.jpg;[0.98399276];[0.05205442]
803;1/fuente_PCCS2 030 G099.32+33.73_30_5.jpg;[0.9982442];[0.00517261]
804;1/fuente_PCCS2 030 G099.56+35.21_30_1.jpg;[0.42322648];[0.37160543]
805;1/fuente_PCCS2 030 G099.56+35.21_30_2.jpg;[0.96295005];[0.12353774]
806;1/fuente_PCCS2 030 G099.56+35.21_30_3.jpg;[0.8865583];[0.14678498]
807;1/fuente_PCCS2 030 G099.56+35.21_30_4.jpg;[0.75589156];[0.24442355]
808;1/fuente_PCCS2 030 G099.56+35.21_30_5.jpg;[0.8766268];[0.17603143]
809;1/fuente_PCCS2 030 G100.68+36.61_30_1.jpg;[0.99999857];[8.395337e-06]
810;1/fuente_PCCS2 030 G100.68+36.61_30_2.jpg;[0.9999995];[3.1118304e-06]
811;1/fuente_PCCS2 030 G100.68+36.61_30_3.jpg;[1.];[7.444618e-08]
812;1/fuente_PCCS2 030 G100.68+36.61_30_4.jpg;[0.99994814];[0.00049628]
813;1/fuente_PCCS2 030 G100.68+36.61_30_5.jpg;[0.9999872];[7.5350785e-05]
814;1/fuente_PCCS2 030 G107.92+84.48_30_1.jpg;[0.99994314];[0.00017698]
815;1/fuente_PCCS2 030 G107.92+84.48_30_2.jpg;[0.9997258];[0.00064213]
816;1/fuente_PCCS2 030 G107.92+84.48_30_3.jpg;[0.9995663];[0.00190054]
817;1/fuente_PCCS2 030 G107.92+84.48_30_4.jpg;[0.99909943];[0.00278248]
818;1/fuente_PCCS2 030 G107.92+84.48_30_5.jpg;[0.99972844];[0.00072506]
819;1/fuente_PCCS2 030 G109.98+42.08_30_1.jpg;[0.9999976];[2.1661914e-05]
820;1/fuente_PCCS2 030 G109.98+42.08_30_2.jpg;[0.9999907];[8.42398e-05]
821;1/fuente_PCCS2 030 G109.98+42.08_30_3.jpg;[0.99999475];[3.3779845e-05]
822;1/fuente_PCCS2 030 G109.98+42.08_30_4.jpg;[0.99989367];[0.00059416]
823;1/fuente_PCCS2 030 G109.98+42.08_30_5.jpg;[0.99970347];[0.0013531]
824;1/fuente_PCCS2 030 G112.33+57.52_30_1.jpg;[0.8784218];[0.20616823]
825;1/fuente_PCCS2 030 G112.33+57.52_30_2.jpg;[0.9800219];[0.07532295]
826;1/fuente_PCCS2 030 G112.33+57.52_30_3.jpg;[0.93893945];[0.12928458]
827;1/fuente_PCCS2 030 G112.33+57.52_30_4.jpg;[0.97583055];[0.08240359]
828;1/fuente_PCCS2 030 G112.33+57.52_30_5.jpg;[0.9759391];[0.07648399]
829;1/fuente_PCCS2 030 G115.13-64.83_30_1.jpg;[0.9999832];[0.00012796]
830;1/fuente_PCCS2 030 G115.13-64.83_30_2.jpg;[0.9994864];[0.00267093]
831;1/fuente_PCCS2 030 G115.13-64.83_30_3.jpg;[0.9999919];[4.399941e-05]
832;1/fuente_PCCS2 030 G115.13-64.83_30_4.jpg;[0.9999864];[9.031324e-05]
833;1/fuente_PCCS2 030 G115.13-64.83_30_5.jpg;[0.9999962];[1.0331213e-05]
834;1/fuente_PCCS2 030 G121.07+37.27_30_1.jpg;[0.9990952];[0.00179282]
835;1/fuente_PCCS2 030 G121.07+37.27_30_2.jpg;[0.9994812];[0.00155592]
836;1/fuente_PCCS2 030 G121.07+37.27_30_3.jpg;[0.9992848];[0.00268744]
837;1/fuente_PCCS2 030 G121.07+37.27_30_4.jpg;[0.9451016];[0.06032038]
838;1/fuente_PCCS2 030 G121.07+37.27_30_5.jpg;[0.99482864];[0.01329512]
839;1/fuente_PCCS2 030 G128.14+43.56_30_1.jpg;[0.99990785];[0.00026255]
840;1/fuente_PCCS2 030 G128.14+43.56_30_2.jpg;[0.99940443];[0.00317836]
841;1/fuente_PCCS2 030 G128.14+43.56_30_3.jpg;[0.9998338];[0.00110285]
842;1/fuente_PCCS2 030 G128.14+43.56_30_4.jpg;[0.99985474];[0.00059747]
843;1/fuente_PCCS2 030 G128.14+43.56_30_5.jpg;[0.9998765];[0.00042388]
844;1/fuente_PCCS2 030 G128.72+34.69_30_1.jpg;[0.99994504];[0.00028981]
845;1/fuente_PCCS2 030 G128.72+34.69_30_2.jpg;[0.99990916];[0.00045263]
846;1/fuente_PCCS2 030 G128.72+34.69_30_3.jpg;[0.9999514];[0.0001611]
847;1/fuente_PCCS2 030 G128.72+34.69_30_4.jpg;[0.9998916];[0.00060065]
848;1/fuente_PCCS2 030 G128.72+34.69_30_5.jpg;[0.9999534];[0.00021122]
849;1/fuente_PCCS2 030 G130.90-32.48_30_1.jpg;[0.3971524];[0.301431]
850;1/fuente_PCCS2 030 G130.90-32.48_30_2.jpg;[0.92558336];[0.13454777]
851;1/fuente_PCCS2 030 G130.90-32.48_30_3.jpg;[0.42933708];[0.32323483]
852;1/fuente_PCCS2 030 G130.90-32.48_30_4.jpg;[0.9688075];[0.07821847]
853;1/fuente_PCCS2 030 G130.90-32.48_30_5.jpg;[0.9557173];[0.05568761]
854;1/fuente_PCCS2 030 G131.84-37.26_30_1.jpg;[0.9846275];[0.06436229]
855;1/fuente_PCCS2 030 G131.84-37.26_30_2.jpg;[0.9344359];[0.13248059]
856;1/fuente_PCCS2 030 G131.84-37.26_30_3.jpg;[0.9499853];[0.08845013]
857;1/fuente_PCCS2 030 G131.84-37.26_30_4.jpg;[0.8842881];[0.14480637]
858;1/fuente_PCCS2 030 G131.84-37.26_30_5.jpg;[0.88612425];[0.14013949]
859;1/fuente_PCCS2 030 G132.37-48.14_30_1.jpg;[0.98811454];[0.02683937]
860;1/fuente_PCCS2 030 G132.37-48.14_30_2.jpg;[0.99516433];[0.01012947]
861;1/fuente_PCCS2 030 G132.37-48.14_30_3.jpg;[0.999849];[0.00054376]
862;1/fuente_PCCS2 030 G132.37-48.14_30_4.jpg;[0.9790625];[0.07284994]
863;1/fuente_PCCS2 030 G132.37-48.14_30_5.jpg;[0.9993809];[0.00493011]
864;1/fuente_PCCS2 030 G134.10-59.96_30_1.jpg;[0.15491949];[0.20494047]
865;1/fuente_PCCS2 030 G134.10-59.96_30_2.jpg;[0.3264734];[0.26281828]
866;1/fuente_PCCS2 030 G134.10-59.96_30_3.jpg;[0.21679434];[0.2509447]
867;1/fuente_PCCS2 030 G134.10-59.96_30_4.jpg;[0.27928808];[0.27139372]
868;1/fuente_PCCS2 030 G134.10-59.96_30_5.jpg;[0.20092565];[0.2436923]
869;1/fuente_PCCS2 030 G134.23+49.74_30_1.jpg;[0.97906995];[0.07715879]
870;1/fuente_PCCS2 030 G134.23+49.74_30_2.jpg;[0.9861124];[0.09916446]
871;1/fuente_PCCS2 030 G134.23+49.74_30_3.jpg;[0.92356896];[0.1631109]
872;1/fuente_PCCS2 030 G134.23+49.74_30_4.jpg;[0.96736443];[0.09734884]
873;1/fuente_PCCS2 030 G134.23+49.74_30_5.jpg;[0.97057325];[0.08946844]
874;1/fuente_PCCS2 030 G135.44+42.27_30_1.jpg;[0.99940926];[0.00431953]
875;1/fuente_PCCS2 030 G135.44+42.27_30_2.jpg;[0.9966611];[0.0069352]
876;1/fuente_PCCS2 030 G135.44+42.27_30_3.jpg;[0.99996287];[0.00018611]
877;1/fuente_PCCS2 030 G135.44+42.27_30_4.jpg;[0.99489427];[0.01092013]
878;1/fuente_PCCS2 030 G135.44+42.27_30_5.jpg;[0.99858946];[0.00806059]
879;1/fuente_PCCS2 030 G136.01-59.16_30_1.jpg;[0.96935445];[0.04001293]
880;1/fuente_PCCS2 030 G136.01-59.16_30_2.jpg;[0.94160914];[0.07281221]
881;1/fuente_PCCS2 030 G136.01-59.16_30_3.jpg;[0.9779298];[0.03683504]
882;1/fuente_PCCS2 030 G136.01-59.16_30_4.jpg;[0.9835959];[0.02438023]
883;1/fuente_PCCS2 030 G136.01-59.16_30_5.jpg;[0.9697422];[0.0408783]
884;1/fuente_PCCS2 030 G147.85-44.00_30_1.jpg;[0.99979955];[0.00105981]
885;1/fuente_PCCS2 030 G147.85-44.00_30_2.jpg;[0.9999728];[0.00023048]
886;1/fuente_PCCS2 030 G147.85-44.00_30_3.jpg;[0.9817175];[0.07254256]
887;1/fuente_PCCS2 030 G147.85-44.00_30_4.jpg;[0.9999269];[0.00022146]
888;1/fuente_PCCS2 030 G147.85-44.00_30_5.jpg;[0.9997322];[0.00217871]
889;1/fuente_PCCS2 030 G152.59-47.34_30_1.jpg;[0.99987483];[0.00044269]
890;1/fuente_PCCS2 030 G152.59-47.34_30_2.jpg;[0.9998567];[0.00082315]
891;1/fuente_PCCS2 030 G152.59-47.34_30_3.jpg;[0.9992347];[0.00490212]
892;1/fuente_PCCS2 030 G152.59-47.34_30_4.jpg;[0.999924];[0.00039539]
893;1/fuente_PCCS2 030 G152.59-47.34_30_5.jpg;[0.9996224];[0.00093212]
894;1/fuente_PCCS2 030 G156.09-48.62_30_1.jpg;[0.9863948];[0.0241138]
895;1/fuente_PCCS2 030 G156.09-48.62_30_2.jpg;[0.994279];[0.02348816]
896;1/fuente_PCCS2 030 G156.09-48.62_30_3.jpg;[0.9829422];[0.02659206]
897;1/fuente_PCCS2 030 G156.09-48.62_30_4.jpg;[0.98398125];[0.02679068]
898;1/fuente_PCCS2 030 G156.09-48.62_30_5.jpg;[0.9953581];[0.01513854]
899;1/fuente_PCCS2 030 G156.17+69.49_30_1.jpg;[0.99162626];[0.02621073]
900;1/fuente_PCCS2 030 G156.17+69.49_30_2.jpg;[0.9947139];[0.01009269]
901;1/fuente_PCCS2 030 G156.17+69.49_30_3.jpg;[0.9736864];[0.05905597]
902;1/fuente_PCCS2 030 G156.17+69.49_30_4.jpg;[0.99695563];[0.00803991]
903;1/fuente_PCCS2 030 G156.17+69.49_30_5.jpg;[0.9949957];[0.00934393]
904;1/fuente_PCCS2 030 G161.92+35.11_30_1.jpg;[0.99764746];[0.00606873]
905;1/fuente_PCCS2 030 G161.92+35.11_30_2.jpg;[0.9958837];[0.01160662]
906;1/fuente_PCCS2 030 G161.92+35.11_30_3.jpg;[0.99859124];[0.0055658]
907;1/fuente_PCCS2 030 G161.92+35.11_30_4.jpg;[0.9971851];[0.0072826]
908;1/fuente_PCCS2 030 G161.92+35.11_30_5.jpg;[0.9974034];[0.00670024]
909;1/fuente_PCCS2 030 G164.10+47.32_30_1.jpg;[0.9675723];[0.08033861]
910;1/fuente_PCCS2 030 G164.10+47.32_30_2.jpg;[0.9765127];[0.07109886]
911;1/fuente_PCCS2 030 G164.10+47.32_30_3.jpg;[0.9674863];[0.05615007]
912;1/fuente_PCCS2 030 G164.10+47.32_30_4.jpg;[0.9598174];[0.08389083]
913;1/fuente_PCCS2 030 G164.10+47.32_30_5.jpg;[0.9527541];[0.09352409]
914;1/fuente_PCCS2 030 G164.17+30.59_30_1.jpg;[0.99703354];[0.00843504]
915;1/fuente_PCCS2 030 G164.17+30.59_30_2.jpg;[0.98670495];[0.03052745]
916;1/fuente_PCCS2 030 G164.17+30.59_30_3.jpg;[0.9976962];[0.00883632]
917;1/fuente_PCCS2 030 G164.17+30.59_30_4.jpg;[0.9618446];[0.05886393]
918;1/fuente_PCCS2 030 G164.17+30.59_30_5.jpg;[0.97246766];[0.05907187]
919;1/fuente_PCCS2 030 G165.28+49.89_30_1.jpg;[0.8005272];[0.24973686]
920;1/fuente_PCCS2 030 G165.28+49.89_30_2.jpg;[0.9007367];[0.13578889]
921;1/fuente_PCCS2 030 G165.28+49.89_30_3.jpg;[0.80778265];[0.23539048]
922;1/fuente_PCCS2 030 G165.28+49.89_30_4.jpg;[0.86245084];[0.23919407]
923;1/fuente_PCCS2 030 G165.28+49.89_30_5.jpg;[0.8192087];[0.20138726]
924;1/fuente_PCCS2 030 G166.85-49.07_30_1.jpg;[0.98172915];[0.03145513]
925;1/fuente_PCCS2 030 G166.85-49.07_30_2.jpg;[0.971744];[0.0473325]
926;1/fuente_PCCS2 030 G166.85-49.07_30_3.jpg;[0.9778473];[0.03263383]
927;1/fuente_PCCS2 030 G166.85-49.07_30_4.jpg;[0.9331658];[0.08167996]
928;1/fuente_PCCS2 030 G166.85-49.07_30_5.jpg;[0.5523267];[0.22726917]
929;1/fuente_PCCS2 030 G167.46+46.66_30_1.jpg;[0.9999436];[0.00022539]
930;1/fuente_PCCS2 030 G167.46+46.66_30_2.jpg;[0.9996756];[0.00086715]
931;1/fuente_PCCS2 030 G167.46+46.66_30_3.jpg;[0.99993277];[0.00038562]
932;1/fuente_PCCS2 030 G167.46+46.66_30_4.jpg;[0.9996527];[0.00172189]
933;1/fuente_PCCS2 030 G167.46+46.66_30_5.jpg;[0.9995242];[0.00349971]
934;1/fuente_PCCS2 030 G168.16-76.01_30_1.jpg;[0.99999696];[2.1124097e-05]
935;1/fuente_PCCS2 030 G168.16-76.01_30_2.jpg;[0.99998945];[9.061108e-05]
936;1/fuente_PCCS2 030 G168.16-76.01_30_3.jpg;[0.99999636];[2.8627295e-05]
937;1/fuente_PCCS2 030 G168.16-76.01_30_4.jpg;[0.9999994];[3.4649427e-06]
938;1/fuente_PCCS2 030 G168.16-76.01_30_5.jpg;[0.9999744];[0.00022389]
939;1/fuente_PCCS2 030 G169.13+32.62_30_1.jpg;[0.9946622];[0.01615782]
940;1/fuente_PCCS2 030 G169.13+32.62_30_2.jpg;[0.9857933];[0.04188491]
941;1/fuente_PCCS2 030 G169.13+32.62_30_3.jpg;[0.9958698];[0.0303278]
942;1/fuente_PCCS2 030 G169.13+32.62_30_4.jpg;[0.99879915];[0.00538157]
943;1/fuente_PCCS2 030 G169.13+32.62_30_5.jpg;[0.99934554];[0.0031801]
944;1/fuente_PCCS2 030 G169.22-39.73_30_1.jpg;[0.99979216];[0.00091307]
945;1/fuente_PCCS2 030 G169.22-39.73_30_2.jpg;[0.9988446];[0.0029475]
946;1/fuente_PCCS2 030 G169.22-39.73_30_3.jpg;[0.9978167];[0.01184286]
947;1/fuente_PCCS2 030 G169.22-39.73_30_4.jpg;[0.99954534];[0.0015101]
948;1/fuente_PCCS2 030 G169.22-39.73_30_5.jpg;[0.99985063];[0.00096331]
949;1/fuente_PCCS2 030 G170.16+36.38_30_1.jpg;[0.99026525];[0.03166671]
950;1/fuente_PCCS2 030 G170.16+36.38_30_2.jpg;[0.9995136];[0.00179537]
951;1/fuente_PCCS2 030 G170.16+36.38_30_3.jpg;[0.9991729];[0.00301923]
952;1/fuente_PCCS2 030 G170.16+36.38_30_4.jpg;[0.99968284];[0.0016094]
953;1/fuente_PCCS2 030 G170.16+36.38_30_5.jpg;[0.9911688];[0.02417745]
954;1/fuente_PCCS2 030 G170.39-44.93_30_1.jpg;[0.96677023];[0.06297786]
955;1/fuente_PCCS2 030 G170.39-44.93_30_2.jpg;[0.9832871];[0.04656579]
956;1/fuente_PCCS2 030 G170.39-44.93_30_3.jpg;[0.97885996];[0.08089811]
957;1/fuente_PCCS2 030 G170.39-44.93_30_4.jpg;[0.9668017];[0.10439391]
958;1/fuente_PCCS2 030 G170.39-44.93_30_5.jpg;[0.9941845];[0.02330126]
959;1/fuente_PCCS2 030 G173.06+41.53_30_1.jpg;[0.9999984];[1.186413e-05]
960;1/fuente_PCCS2 030 G173.06+41.53_30_2.jpg;[0.9999551];[0.00019847]
961;1/fuente_PCCS2 030 G173.06+41.53_30_3.jpg;[0.99999374];[3.6192447e-05]
962;1/fuente_PCCS2 030 G173.06+41.53_30_4.jpg;[0.9999636];[0.00028285]
963;1/fuente_PCCS2 030 G173.06+41.53_30_5.jpg;[0.9995856];[0.00289603]
964;1/fuente_PCCS2 030 G174.10-62.34_30_1.jpg;[0.9986366];[0.0038744]
965;1/fuente_PCCS2 030 G174.10-62.34_30_2.jpg;[0.9995357];[0.0017803]
966;1/fuente_PCCS2 030 G174.10-62.34_30_3.jpg;[0.99954087];[0.00131785]
967;1/fuente_PCCS2 030 G174.10-62.34_30_4.jpg;[0.99939036];[0.00359104]
968;1/fuente_PCCS2 030 G174.10-62.34_30_5.jpg;[0.99974227];[0.00116832]
969;1/fuente_PCCS2 030 G174.48+69.81_30_1.jpg;[0.9999962];[3.5176006e-05]
970;1/fuente_PCCS2 030 G174.48+69.81_30_2.jpg;[0.99997216];[0.00014615]
971;1/fuente_PCCS2 030 G174.48+69.81_30_3.jpg;[0.99999344];[5.8006106e-05]
972;1/fuente_PCCS2 030 G174.48+69.81_30_4.jpg;[0.9999967];[1.2726412e-05]
973;1/fuente_PCCS2 030 G174.48+69.81_30_5.jpg;[0.99994063];[0.00053855]
974;1/fuente_PCCS2 030 G178.25+33.39_30_1.jpg;[0.9995164];[0.00251431]
975;1/fuente_PCCS2 030 G178.25+33.39_30_2.jpg;[0.99998224];[6.920871e-05]
976;1/fuente_PCCS2 030 G178.25+33.39_30_3.jpg;[0.99994415];[0.00035282]
977;1/fuente_PCCS2 030 G178.25+33.39_30_4.jpg;[0.9999983];[6.53036e-06]
978;1/fuente_PCCS2 030 G178.25+33.39_30_5.jpg;[0.9996754];[0.00111969]
979;1/fuente_PCCS2 030 G180.76+56.85_30_1.jpg;[0.99962854];[0.00197558]
980;1/fuente_PCCS2 030 G180.76+56.85_30_2.jpg;[0.9996527];[0.00115752]
981;1/fuente_PCCS2 030 G180.76+56.85_30_3.jpg;[0.99909204];[0.00398208]
982;1/fuente_PCCS2 030 G180.76+56.85_30_4.jpg;[0.9997087];[0.00074394]
983;1/fuente_PCCS2 030 G180.76+56.85_30_5.jpg;[0.9978445];[0.00634217]
984;1/fuente_PCCS2 030 G180.96+50.29_30_1.jpg;[0.99999774];[1.5248239e-05]
985;1/fuente_PCCS2 030 G180.96+50.29_30_2.jpg;[0.99999964];[2.0277585e-06]
986;1/fuente_PCCS2 030 G180.96+50.29_30_3.jpg;[0.99999785];[1.2874416e-05]
987;1/fuente_PCCS2 030 G180.96+50.29_30_4.jpg;[0.9999815];[0.0001053]
988;1/fuente_PCCS2 030 G180.96+50.29_30_5.jpg;[0.99994016];[0.0003701]
989;1/fuente_PCCS2 030 G182.09-57.92_30_1.jpg;[0.9999725];[7.6222575e-05]
990;1/fuente_PCCS2 030 G182.09-57.92_30_2.jpg;[0.9999959];[1.2314993e-05]
991;1/fuente_PCCS2 030 G182.09-57.92_30_3.jpg;[0.99999267];[2.7157306e-05]
992;1/fuente_PCCS2 030 G182.09-57.92_30_4.jpg;[0.99997556];[0.00010439]
993;1/fuente_PCCS2 030 G182.09-57.92_30_5.jpg;[0.99983716];[0.00142452]
994;1/fuente_PCCS2 030 G182.17+34.17_30_1.jpg;[0.9999359];[0.0003673]
995;1/fuente_PCCS2 030 G182.17+34.17_30_2.jpg;[0.9999851];[0.00013822]
996;1/fuente_PCCS2 030 G182.17+34.17_30_3.jpg;[0.99958503];[0.00200972]
997;1/fuente_PCCS2 030 G182.17+34.17_30_4.jpg;[0.99866205];[0.00769893]
998;1/fuente_PCCS2 030 G182.17+34.17_30_5.jpg;[0.9999646];[0.00017687]
999;1/fuente_PCCS2 030 G183.99-31.18_30_1.jpg;[0.6770393];[0.3426904]
1000;1/fuente_PCCS2 030 G183.99-31.18_30_2.jpg;[0.9577525];[0.12572603]
1001;1/fuente_PCCS2 030 G183.99-31.18_30_3.jpg;[0.9838004];[0.08847061]
1002;1/fuente_PCCS2 030 G183.99-31.18_30_4.jpg;[0.9981357];[0.00765187]
1003;1/fuente_PCCS2 030 G183.99-31.18_30_5.jpg;[0.8558093];[0.25966066]
1004;1/fuente_PCCS2 030 G188.50+48.72_30_1.jpg;[0.99985564];[0.00058513]
1005;1/fuente_PCCS2 030 G188.50+48.72_30_2.jpg;[0.99811834];[0.0066285]
1006;1/fuente_PCCS2 030 G188.50+48.72_30_3.jpg;[0.9993905];[0.00258748]
1007;1/fuente_PCCS2 030 G188.50+48.72_30_4.jpg;[0.99952257];[0.00267541]
1008;1/fuente_PCCS2 030 G188.50+48.72_30_5.jpg;[0.9999087];[0.00029964]
1009;1/fuente_PCCS2 030 G190.28+55.65_30_1.jpg;[0.93873626];[0.12102387]
1010;1/fuente_PCCS2 030 G190.28+55.65_30_2.jpg;[0.9887083];[0.02951518]
1011;1/fuente_PCCS2 030 G190.28+55.65_30_3.jpg;[0.99094415];[0.0212438]
1012;1/fuente_PCCS2 030 G190.28+55.65_30_4.jpg;[0.99172];[0.01459075]
1013;1/fuente_PCCS2 030 G190.28+55.65_30_5.jpg;[0.9895697];[0.02043357]
1014;1/fuente_PCCS2 030 G191.60-31.16_30_1.jpg;[0.99993765];[0.00020021]
1015;1/fuente_PCCS2 030 G191.60-31.16_30_2.jpg;[0.9998317];[0.00133491]
1016;1/fuente_PCCS2 030 G191.60-31.16_30_3.jpg;[0.99997336];[9.0122354e-05]
1017;1/fuente_PCCS2 030 G191.60-31.16_30_4.jpg;[0.9992265];[0.00217265]
1018;1/fuente_PCCS2 030 G191.60-31.16_30_5.jpg;[0.9981282];[0.0052755]
1019;1/fuente_PCCS2 030 G193.61-31.78_30_1.jpg;[0.41880852];[0.34905764]
1020;1/fuente_PCCS2 030 G193.61-31.78_30_2.jpg;[0.3883582];[0.32834393]
1021;1/fuente_PCCS2 030 G193.61-31.78_30_3.jpg;[0.27436867];[0.31829613]
1022;1/fuente_PCCS2 030 G193.61-31.78_30_4.jpg;[0.47533822];[0.3229469]
1023;1/fuente_PCCS2 030 G193.61-31.78_30_5.jpg;[0.1960644];[0.22416744]
1024;1/fuente_PCCS2 030 G199.60+52.66_30_1.jpg;[0.94712675];[0.09416245]
1025;1/fuente_PCCS2 030 G199.60+52.66_30_2.jpg;[0.9960666];[0.01224565]
1026;1/fuente_PCCS2 030 G199.60+52.66_30_3.jpg;[0.99527985];[0.01135127]
1027;1/fuente_PCCS2 030 G199.60+52.66_30_4.jpg;[0.9197063];[0.15480761]
1028;1/fuente_PCCS2 030 G199.60+52.66_30_5.jpg;[0.98833215];[0.03530418]
1029;1/fuente_PCCS2 030 G199.82+33.61_30_1.jpg;[0.9965515];[0.00903888]
1030;1/fuente_PCCS2 030 G199.82+33.61_30_2.jpg;[0.95217353];[0.08072542]
1031;1/fuente_PCCS2 030 G199.82+33.61_30_3.jpg;[0.56378824];[0.25706652]
1032;1/fuente_PCCS2 030 G199.82+33.61_30_4.jpg;[0.8053695];[0.21034743]
1033;1/fuente_PCCS2 030 G199.82+33.61_30_5.jpg;[0.9673615];[0.07585725]
1034;1/fuente_PCCS2 030 G201.26+48.06_30_1.jpg;[0.9965539];[0.00636063]
1035;1/fuente_PCCS2 030 G201.26+48.06_30_2.jpg;[0.99209356];[0.02101197]
1036;1/fuente_PCCS2 030 G201.26+48.06_30_3.jpg;[0.99408036];[0.01339422]
1037;1/fuente_PCCS2 030 G201.26+48.06_30_4.jpg;[0.9979248];[0.00439337]
1038;1/fuente_PCCS2 030 G201.26+48.06_30_5.jpg;[0.99460274];[0.01119999]
1039;1/fuente_PCCS2 030 G201.98+83.33_30_1.jpg;[0.98933625];[0.08420295]
1040;1/fuente_PCCS2 030 G201.98+83.33_30_2.jpg;[0.990567];[0.03456063]
1041;1/fuente_PCCS2 030 G201.98+83.33_30_3.jpg;[0.9927344];[0.03134027]
1042;1/fuente_PCCS2 030 G201.98+83.33_30_4.jpg;[0.99661726];[0.01032587]
1043;1/fuente_PCCS2 030 G201.98+83.33_30_5.jpg;[0.98726255];[0.05228101]
1044;1/fuente_PCCS2 030 G203.24-54.13_30_1.jpg;[0.9098576];[0.1531968]
1045;1/fuente_PCCS2 030 G203.24-54.13_30_2.jpg;[0.9919283];[0.01940108]
1046;1/fuente_PCCS2 030 G203.24-54.13_30_3.jpg;[0.97848296];[0.05606451]
1047;1/fuente_PCCS2 030 G203.24-54.13_30_4.jpg;[0.97753125];[0.03424727]
1048;1/fuente_PCCS2 030 G203.24-54.13_30_5.jpg;[0.970499];[0.09589179]
1049;1/fuente_PCCS2 030 G207.47+54.68_30_1.jpg;[0.999527];[0.00116509]
1050;1/fuente_PCCS2 030 G207.47+54.68_30_2.jpg;[0.9993735];[0.00227014]
1051;1/fuente_PCCS2 030 G207.47+54.68_30_3.jpg;[0.99993217];[0.00033567]
1052;1/fuente_PCCS2 030 G207.47+54.68_30_4.jpg;[0.9996607];[0.0009601]
1053;1/fuente_PCCS2 030 G207.47+54.68_30_5.jpg;[0.99961644];[0.00101877]
1054;1/fuente_PCCS2 030 G209.84-65.15_30_1.jpg;[0.9998461];[0.0005443]
1055;1/fuente_PCCS2 030 G209.84-65.15_30_2.jpg;[0.99951696];[0.00126786]
1056;1/fuente_PCCS2 030 G209.84-65.15_30_3.jpg;[0.99993724];[0.00036732]
1057;1/fuente_PCCS2 030 G209.84-65.15_30_4.jpg;[0.9998561];[0.00060654]
1058;1/fuente_PCCS2 030 G209.84-65.15_30_5.jpg;[0.99981];[0.00141684]
1059;1/fuente_PCCS2 030 G214.05+34.43_30_1.jpg;[0.89922005];[0.15517515]
1060;1/fuente_PCCS2 030 G214.05+34.43_30_2.jpg;[0.99638486];[0.00895669]
1061;1/fuente_PCCS2 030 G214.05+34.43_30_3.jpg;[0.80774367];[0.25678185]
1062;1/fuente_PCCS2 030 G214.05+34.43_30_4.jpg;[0.77480567];[0.25445542]
1063;1/fuente_PCCS2 030 G214.05+34.43_30_5.jpg;[0.98386276];[0.02753312]
1064;1/fuente_PCCS2 030 G218.16+55.42_30_1.jpg;[0.66756934];[0.26630512]
1065;1/fuente_PCCS2 030 G218.16+55.42_30_2.jpg;[0.58169854];[0.36329773]
1066;1/fuente_PCCS2 030 G218.16+55.42_30_3.jpg;[0.6629285];[0.27629474]
1067;1/fuente_PCCS2 030 G218.16+55.42_30_4.jpg;[0.9625383];[0.06860596]
1068;1/fuente_PCCS2 030 G218.16+55.42_30_5.jpg;[0.6683575];[0.24511479]
1069;1/fuente_PCCS2 030 G222.53+63.15_30_1.jpg;[0.99960536];[0.00095034]
1070;1/fuente_PCCS2 030 G222.53+63.15_30_2.jpg;[0.9994139];[0.0019216]
1071;1/fuente_PCCS2 030 G222.53+63.15_30_3.jpg;[0.9999212];[0.00038667]
1072;1/fuente_PCCS2 030 G222.53+63.15_30_4.jpg;[0.9998021];[0.00088838]
1073;1/fuente_PCCS2 030 G222.53+63.15_30_5.jpg;[0.9998554];[0.00031533]
1074;1/fuente_PCCS2 030 G228.31+32.85_30_1.jpg;[0.98569494];[0.04839088]
1075;1/fuente_PCCS2 030 G228.31+32.85_30_2.jpg;[0.9349011];[0.16371787]
1076;1/fuente_PCCS2 030 G228.31+32.85_30_3.jpg;[0.99970466];[0.00088857]
1077;1/fuente_PCCS2 030 G228.31+32.85_30_4.jpg;[0.99972016];[0.00099811]
1078;1/fuente_PCCS2 030 G228.31+32.85_30_5.jpg;[0.9955894];[0.02702772]
1079;1/fuente_PCCS2 030 G229.29-54.22_30_1.jpg;[0.9849173];[0.08208451]
1080;1/fuente_PCCS2 030 G229.29-54.22_30_2.jpg;[0.8910991];[0.17165397]
1081;1/fuente_PCCS2 030 G229.29-54.22_30_3.jpg;[0.9959682];[0.01155664]
1082;1/fuente_PCCS2 030 G229.29-54.22_30_4.jpg;[0.9711458];[0.08738098]
1083;1/fuente_PCCS2 030 G229.29-54.22_30_5.jpg;[0.99954516];[0.00105522]
1084;1/fuente_PCCS2 030 G232.54+84.87_30_1.jpg;[0.99997896];[8.109123e-05]
1085;1/fuente_PCCS2 030 G232.54+84.87_30_2.jpg;[0.99915224];[0.00439865]
1086;1/fuente_PCCS2 030 G232.54+84.87_30_3.jpg;[0.99993616];[0.00035794]
1087;1/fuente_PCCS2 030 G232.54+84.87_30_4.jpg;[0.9999564];[0.00021396]
1088;1/fuente_PCCS2 030 G232.54+84.87_30_5.jpg;[0.99993247];[0.00045074]
1089;1/fuente_PCCS2 030 G234.37-34.17_30_1.jpg;[0.99999595];[2.627398e-05]
1090;1/fuente_PCCS2 030 G234.37-34.17_30_2.jpg;[0.999893];[0.0004324]
1091;1/fuente_PCCS2 030 G234.37-34.17_30_3.jpg;[0.99990654];[0.00075404]
1092;1/fuente_PCCS2 030 G234.37-34.17_30_4.jpg;[0.99939156];[0.00219689]
1093;1/fuente_PCCS2 030 G234.37-34.17_30_5.jpg;[0.9999922];[3.416136e-05]
1094;1/fuente_PCCS2 030 G235.66+73.06_30_1.jpg;[0.9951186];[0.0190774]
1095;1/fuente_PCCS2 030 G235.66+73.06_30_2.jpg;[0.9971006];[0.00874674]
1096;1/fuente_PCCS2 030 G235.66+73.06_30_3.jpg;[0.99782187];[0.00922415]
1097;1/fuente_PCCS2 030 G235.66+73.06_30_4.jpg;[0.99946535];[0.00216565]
1098;1/fuente_PCCS2 030 G235.66+73.06_30_5.jpg;[0.99988556];[0.00040625]
1099;1/fuente_PCCS2 030 G236.90+65.20_30_1.jpg;[0.9890237];[0.04124228]
1100;1/fuente_PCCS2 030 G236.90+65.20_30_2.jpg;[0.9918837];[0.01602384]
1101;1/fuente_PCCS2 030 G236.90+65.20_30_3.jpg;[0.9972861];[0.00727826]
1102;1/fuente_PCCS2 030 G236.90+65.20_30_4.jpg;[0.9977231];[0.00567707]
1103;1/fuente_PCCS2 030 G236.90+65.20_30_5.jpg;[0.9519724];[0.10169059]
1104;1/fuente_PCCS2 030 G242.72+40.81_30_1.jpg;[0.98658806];[0.04604382]
1105;1/fuente_PCCS2 030 G242.72+40.81_30_2.jpg;[0.99791855];[0.00968608]
1106;1/fuente_PCCS2 030 G242.72+40.81_30_3.jpg;[0.9990115];[0.00560637]
1107;1/fuente_PCCS2 030 G242.72+40.81_30_4.jpg;[0.9598692];[0.10131726]
1108;1/fuente_PCCS2 030 G242.72+40.81_30_5.jpg;[0.9875451];[0.04618767]
1109;1/fuente_PCCS2 030 G244.76-54.06_30_1.jpg;[0.99999857];[7.0760607e-06]
1110;1/fuente_PCCS2 030 G244.76-54.06_30_2.jpg;[0.9999392];[0.0003174]
1111;1/fuente_PCCS2 030 G244.76-54.06_30_3.jpg;[0.9998567];[0.00084824]
1112;1/fuente_PCCS2 030 G244.76-54.06_30_4.jpg;[0.9999974];[1.1189945e-05]
1113;1/fuente_PCCS2 030 G244.76-54.06_30_5.jpg;[0.99999785];[1.0819609e-05]
1114;1/fuente_PCCS2 030 G247.96+60.65_30_1.jpg;[0.95959616];[0.08284593]
1115;1/fuente_PCCS2 030 G247.96+60.65_30_2.jpg;[0.99647504];[0.01079201]
1116;1/fuente_PCCS2 030 G247.96+60.65_30_3.jpg;[0.9987536];[0.00504096]
1117;1/fuente_PCCS2 030 G247.96+60.65_30_4.jpg;[0.9612843];[0.09283312]
1118;1/fuente_PCCS2 030 G247.96+60.65_30_5.jpg;[0.9910513];[0.05639974]
1119;1/fuente_PCCS2 030 G248.42-41.55_30_1.jpg;[0.9999938];[4.679652e-05]
1120;1/fuente_PCCS2 030 G248.42-41.55_30_2.jpg;[0.99985117];[0.00049886]
1121;1/fuente_PCCS2 030 G248.42-41.55_30_3.jpg;[0.9997417];[0.00254794]
1122;1/fuente_PCCS2 030 G248.42-41.55_30_4.jpg;[0.99978185];[0.00076538]
1123;1/fuente_PCCS2 030 G248.42-41.55_30_5.jpg;[0.999901];[0.0007071]
1124;1/fuente_PCCS2 030 G250.09-31.08_30_1.jpg;[0.99986494];[0.00061923]
1125;1/fuente_PCCS2 030 G250.09-31.08_30_2.jpg;[0.9999995];[1.407162e-06]
1126;1/fuente_PCCS2 030 G250.09-31.08_30_3.jpg;[0.9999998];[9.672128e-07]
1127;1/fuente_PCCS2 030 G250.09-31.08_30_4.jpg;[0.99999845];[6.3231596e-06]
1128;1/fuente_PCCS2 030 G250.09-31.08_30_5.jpg;[0.99968356];[0.00154293]
1129;1/fuente_PCCS2 030 G251.99-38.81_30_1.jpg;[0.999984];[5.728382e-05]
1130;1/fuente_PCCS2 030 G251.99-38.81_30_2.jpg;[0.99977106];[0.00088952]
1131;1/fuente_PCCS2 030 G251.99-38.81_30_3.jpg;[0.99996865];[0.00013231]
1132;1/fuente_PCCS2 030 G251.99-38.81_30_4.jpg;[0.9999829];[7.1350914e-05]
1133;1/fuente_PCCS2 030 G251.99-38.81_30_5.jpg;[0.9999987];[8.461517e-06]
1134;1/fuente_PCCS2 030 G254.12+37.66_30_1.jpg;[0.967943];[0.06156227]
1135;1/fuente_PCCS2 030 G254.12+37.66_30_2.jpg;[0.99424016];[0.02007338]
1136;1/fuente_PCCS2 030 G254.12+37.66_30_3.jpg;[0.92348534];[0.1606701]
1137;1/fuente_PCCS2 030 G254.12+37.66_30_4.jpg;[0.9681089];[0.06809893]
1138;1/fuente_PCCS2 030 G254.12+37.66_30_5.jpg;[0.986689];[0.03899701]
1139;1/fuente_PCCS2 030 G255.05+81.64_30_1.jpg;[0.99999976];[1.5796131e-06]
1140;1/fuente_PCCS2 030 G255.05+81.64_30_2.jpg;[0.9999998];[5.696221e-07]
1141;1/fuente_PCCS2 030 G255.05+81.64_30_3.jpg;[0.99999994];[2.638137e-07]
1142;1/fuente_PCCS2 030 G255.05+81.64_30_4.jpg;[0.9999992];[6.331652e-06]
1143;1/fuente_PCCS2 030 G255.05+81.64_30_5.jpg;[0.9999991];[6.6984085e-06]
1144;1/fuente_PCCS2 030 G255.98+60.92_30_1.jpg;[0.9999739];[9.0864414e-05]
1145;1/fuente_PCCS2 030 G255.98+60.92_30_2.jpg;[0.99993485];[0.00032204]
1146;1/fuente_PCCS2 030 G255.98+60.92_30_3.jpg;[0.998672];[0.00673784]
1147;1/fuente_PCCS2 030 G255.98+60.92_30_4.jpg;[0.9999861];[4.4366934e-05]
1148;1/fuente_PCCS2 030 G255.98+60.92_30_5.jpg;[0.99989873];[0.00042866]
1149;1/fuente_PCCS2 030 G258.55-61.12_30_1.jpg;[0.99943954];[0.00324597]
1150;1/fuente_PCCS2 030 G258.55-61.12_30_2.jpg;[0.9999832];[6.446716e-05]
1151;1/fuente_PCCS2 030 G258.55-61.12_30_3.jpg;[0.9999563];[0.0001575]
1152;1/fuente_PCCS2 030 G258.55-61.12_30_4.jpg;[0.9999393];[0.00025051]
1153;1/fuente_PCCS2 030 G258.55-61.12_30_5.jpg;[0.99980783];[0.00061675]
1154;1/fuente_PCCS2 030 G264.18+55.85_30_1.jpg;[0.8669779];[0.16242868]
1155;1/fuente_PCCS2 030 G264.18+55.85_30_2.jpg;[0.69535047];[0.22749202]
1156;1/fuente_PCCS2 030 G264.18+55.85_30_3.jpg;[0.6862112];[0.2483393]
1157;1/fuente_PCCS2 030 G264.18+55.85_30_4.jpg;[0.8068444];[0.23069738]
1158;1/fuente_PCCS2 030 G264.18+55.85_30_5.jpg;[0.7245981];[0.24166216]
1159;1/fuente_PCCS2 030 G264.47+32.33_30_1.jpg;[0.99990714];[0.00032911]
1160;1/fuente_PCCS2 030 G264.47+32.33_30_2.jpg;[0.9999984];[3.961934e-06]
1161;1/fuente_PCCS2 030 G264.47+32.33_30_3.jpg;[0.99996805];[0.00024869]
1162;1/fuente_PCCS2 030 G264.47+32.33_30_4.jpg;[0.999987];[6.6446984e-05]
1163;1/fuente_PCCS2 030 G264.47+32.33_30_5.jpg;[0.99983454];[0.0006743]
1164;1/fuente_PCCS2 030 G266.27-61.65_30_1.jpg;[0.9987942];[0.00342165]
1165;1/fuente_PCCS2 030 G266.27-61.65_30_2.jpg;[0.98294073];[0.05752705]
1166;1/fuente_PCCS2 030 G266.27-61.65_30_3.jpg;[0.9975755];[0.00704076]
1167;1/fuente_PCCS2 030 G266.27-61.65_30_4.jpg;[0.9988006];[0.00305948]
1168;1/fuente_PCCS2 030 G266.27-61.65_30_5.jpg;[0.9937366];[0.01581449]
1169;1/fuente_PCCS2 030 G270.66-40.27_30_1.jpg;[0.96507454];[0.06565669]
1170;1/fuente_PCCS2 030 G270.66-40.27_30_2.jpg;[0.6077523];[0.32230076]
1171;1/fuente_PCCS2 030 G270.66-40.27_30_3.jpg;[0.96492815];[0.07874402]
1172;1/fuente_PCCS2 030 G270.66-40.27_30_4.jpg;[0.9693243];[0.09410329]
1173;1/fuente_PCCS2 030 G270.66-40.27_30_5.jpg;[0.87201536];[0.182614]
1174;1/fuente_PCCS2 030 G272.30+43.05_30_1.jpg;[0.91522443];[0.13996704]
1175;1/fuente_PCCS2 030 G272.30+43.05_30_2.jpg;[0.9651416];[0.06821575]
1176;1/fuente_PCCS2 030 G272.30+43.05_30_3.jpg;[0.9670647];[0.07589763]
1177;1/fuente_PCCS2 030 G272.30+43.05_30_4.jpg;[0.9916221];[0.01869543]
1178;1/fuente_PCCS2 030 G272.30+43.05_30_5.jpg;[0.9648013];[0.08467662]
1179;1/fuente_PCCS2 030 G275.30+43.62_30_1.jpg;[0.9990243];[0.00504721]
1180;1/fuente_PCCS2 030 G275.30+43.62_30_2.jpg;[1.];[2.2045663e-07]
1181;1/fuente_PCCS2 030 G275.30+43.62_30_3.jpg;[0.9999425];[0.0005501]
1182;1/fuente_PCCS2 030 G275.30+43.62_30_4.jpg;[0.9999998];[1.4913435e-06]
1183;1/fuente_PCCS2 030 G275.30+43.62_30_5.jpg;[0.99998766];[6.710181e-05]
1184;1/fuente_PCCS2 030 G276.23-80.14_30_1.jpg;[0.99986535];[0.00030647]
1185;1/fuente_PCCS2 030 G276.23-80.14_30_2.jpg;[0.99742204];[0.01368616]
1186;1/fuente_PCCS2 030 G276.23-80.14_30_3.jpg;[0.99883384];[0.00294727]
1187;1/fuente_PCCS2 030 G276.23-80.14_30_4.jpg;[0.9993363];[0.00249876]
1188;1/fuente_PCCS2 030 G276.23-80.14_30_5.jpg;[0.9996057];[0.00147139]
1189;1/fuente_PCCS2 030 G276.62+52.21_30_1.jpg;[0.99808615];[0.00648516]
1190;1/fuente_PCCS2 030 G276.62+52.21_30_2.jpg;[0.99599487];[0.01419916]
1191;1/fuente_PCCS2 030 G276.62+52.21_30_3.jpg;[0.99874306];[0.00701676]
1192;1/fuente_PCCS2 030 G276.62+52.21_30_4.jpg;[0.9986167];[0.00526638]
1193;1/fuente_PCCS2 030 G276.62+52.21_30_5.jpg;[0.9970913];[0.00654226]
1194;1/fuente_PCCS2 030 G277.52+45.43_30_1.jpg;[0.9719063];[0.10052926]
1195;1/fuente_PCCS2 030 G277.52+45.43_30_2.jpg;[0.8001071];[0.25804555]
1196;1/fuente_PCCS2 030 G277.52+45.43_30_3.jpg;[0.9979681];[0.01088408]
1197;1/fuente_PCCS2 030 G277.52+45.43_30_4.jpg;[0.9141097];[0.18184103]
1198;1/fuente_PCCS2 030 G277.52+45.43_30_5.jpg;[0.9986531];[0.00681344]
1199;1/fuente_PCCS2 030 G277.74-32.20_30_1.jpg;[0.27087826];[0.37756392]
1200;1/fuente_PCCS2 030 G277.74-32.20_30_2.jpg;[0.5962097];[0.38401186]
1201;1/fuente_PCCS2 030 G277.74-32.20_30_3.jpg;[0.28251562];[0.35484928]
1202;1/fuente_PCCS2 030 G277.74-32.20_30_4.jpg;[0.15577498];[0.27985737]
1203;1/fuente_PCCS2 030 G277.74-32.20_30_5.jpg;[0.13423626];[0.2143737]
1204;1/fuente_PCCS2 030 G278.30-56.47_30_1.jpg;[0.99600977];[0.00867073]
1205;1/fuente_PCCS2 030 G278.30-56.47_30_2.jpg;[0.98963743];[0.02559414]
1206;1/fuente_PCCS2 030 G278.30-56.47_30_3.jpg;[0.9854982];[0.02944785]
1207;1/fuente_PCCS2 030 G278.30-56.47_30_4.jpg;[0.9977041];[0.0064284]
1208;1/fuente_PCCS2 030 G278.30-56.47_30_5.jpg;[0.99825144];[0.00591727]
1209;1/fuente_PCCS2 030 G280.86+59.85_30_1.jpg;[0.9911696];[0.02261015]
1210;1/fuente_PCCS2 030 G280.86+59.85_30_2.jpg;[0.99913114];[0.00448194]
1211;1/fuente_PCCS2 030 G280.86+59.85_30_3.jpg;[0.99796873];[0.01721862]
1212;1/fuente_PCCS2 030 G280.86+59.85_30_4.jpg;[0.99953085];[0.00146074]
1213;1/fuente_PCCS2 030 G280.86+59.85_30_5.jpg;[0.9991634];[0.00237637]
1214;1/fuente_PCCS2 030 G283.66+37.48_30_1.jpg;[0.95066667];[0.12894359]
1215;1/fuente_PCCS2 030 G283.66+37.48_30_2.jpg;[0.88661325];[0.12200912]
1216;1/fuente_PCCS2 030 G283.66+37.48_30_3.jpg;[0.9980035];[0.00426851]
1217;1/fuente_PCCS2 030 G283.66+37.48_30_4.jpg;[0.9738233];[0.07481642]
1218;1/fuente_PCCS2 030 G283.66+37.48_30_5.jpg;[0.9932998];[0.01469422]
1219;1/fuente_PCCS2 030 G288.03+59.26_30_1.jpg;[0.99623376];[0.02953668]
1220;1/fuente_PCCS2 030 G288.03+59.26_30_2.jpg;[0.99723923];[0.00806313]
1221;1/fuente_PCCS2 030 G288.03+59.26_30_3.jpg;[0.9986297];[0.00599334]
1222;1/fuente_PCCS2 030 G288.03+59.26_30_4.jpg;[0.99968773];[0.00110731]
1223;1/fuente_PCCS2 030 G288.03+59.26_30_5.jpg;[0.9959802];[0.01809958]
1224;1/fuente_PCCS2 030 G288.98-36.13_30_1.jpg;[0.998009];[0.00825758]
1225;1/fuente_PCCS2 030 G288.98-36.13_30_2.jpg;[0.99773];[0.0123969]
1226;1/fuente_PCCS2 030 G288.98-36.13_30_3.jpg;[0.99795455];[0.00536485]
1227;1/fuente_PCCS2 030 G288.98-36.13_30_4.jpg;[0.99748266];[0.0128873]
1228;1/fuente_PCCS2 030 G288.98-36.13_30_5.jpg;[0.9996769];[0.00131043]
1229;1/fuente_PCCS2 030 G289.94+64.37_30_1.jpg;[1.];[1.7560625e-07]
1230;1/fuente_PCCS2 030 G289.94+64.37_30_2.jpg;[0.9999527];[0.00034494]
1231;1/fuente_PCCS2 030 G289.94+64.37_30_3.jpg;[0.9999998];[6.550819e-07]
1232;1/fuente_PCCS2 030 G289.94+64.37_30_4.jpg;[1.];[4.0452193e-07]
1233;1/fuente_PCCS2 030 G289.94+64.37_30_5.jpg;[0.9999877];[0.00011369]
1234;1/fuente_PCCS2 030 G294.06+70.14_30_1.jpg;[0.9999923];[3.5347774e-05]
1235;1/fuente_PCCS2 030 G294.06+70.14_30_2.jpg;[0.9999942];[1.828332e-05]
1236;1/fuente_PCCS2 030 G294.06+70.14_30_3.jpg;[0.99999774];[1.035715e-05]
1237;1/fuente_PCCS2 030 G294.06+70.14_30_4.jpg;[0.99997526];[0.00017463]
1238;1/fuente_PCCS2 030 G294.06+70.14_30_5.jpg;[0.9999935];[2.0093456e-05]
1239;1/fuente_PCCS2 030 G300.91-60.11_30_1.jpg;[0.9990415];[0.00289674]
1240;1/fuente_PCCS2 030 G300.91-60.11_30_2.jpg;[0.9995673];[0.00198961]
1241;1/fuente_PCCS2 030 G300.91-60.11_30_3.jpg;[0.9998531];[0.00088116]
1242;1/fuente_PCCS2 030 G300.91-60.11_30_4.jpg;[0.9989407];[0.00398731]
1243;1/fuente_PCCS2 030 G300.91-60.11_30_5.jpg;[0.99973166];[0.00208246]
1244;1/fuente_PCCS2 030 G301.98-44.97_30_1.jpg;[0.9376986];[0.12859909]
1245;1/fuente_PCCS2 030 G301.98-44.97_30_2.jpg;[0.94969314];[0.09293217]
1246;1/fuente_PCCS2 030 G301.98-44.97_30_3.jpg;[0.94943327];[0.13370773]
1247;1/fuente_PCCS2 030 G301.98-44.97_30_4.jpg;[0.976287];[0.08555308]
1248;1/fuente_PCCS2 030 G301.98-44.97_30_5.jpg;[0.96133363];[0.07931416]
1249;1/fuente_PCCS2 030 G302.11-41.35_30_1.jpg;[0.99972236];[0.00105641]
1250;1/fuente_PCCS2 030 G302.11-41.35_30_2.jpg;[0.9971567];[0.00898053]
1251;1/fuente_PCCS2 030 G302.11-41.35_30_3.jpg;[0.9996104];[0.00239007]
1252;1/fuente_PCCS2 030 G302.11-41.35_30_4.jpg;[0.99753904];[0.00985734]
1253;1/fuente_PCCS2 030 G302.11-41.35_30_5.jpg;[0.9914272];[0.01860277]
1254;1/fuente_PCCS2 030 G304.16+50.28_30_1.jpg;[0.9859769];[0.02554877]
1255;1/fuente_PCCS2 030 G304.16+50.28_30_2.jpg;[0.99979925];[0.00069068]
1256;1/fuente_PCCS2 030 G304.16+50.28_30_3.jpg;[0.9991754];[0.00190043]
1257;1/fuente_PCCS2 030 G304.16+50.28_30_4.jpg;[0.9958049];[0.01335541]
1258;1/fuente_PCCS2 030 G304.16+50.28_30_5.jpg;[0.9881551];[0.03356046]
1259;1/fuente_PCCS2 030 G304.29-72.20_30_1.jpg;[0.98315734];[0.02620791]
1260;1/fuente_PCCS2 030 G304.29-72.20_30_2.jpg;[0.99552995];[0.01175288]
1261;1/fuente_PCCS2 030 G304.29-72.20_30_3.jpg;[0.99803823];[0.00432761]
1262;1/fuente_PCCS2 030 G304.29-72.20_30_4.jpg;[0.9918163];[0.02347769]
1263;1/fuente_PCCS2 030 G304.29-72.20_30_5.jpg;[0.9957151];[0.01058648]
1264;1/fuente_PCCS2 030 G305.21+30.30_30_1.jpg;[0.39799428];[0.3129308]
1265;1/fuente_PCCS2 030 G305.21+30.30_30_2.jpg;[0.12059263];[0.20280239]
1266;1/fuente_PCCS2 030 G305.21+30.30_30_3.jpg;[0.4622342];[0.3093821]
1267;1/fuente_PCCS2 030 G305.21+30.30_30_4.jpg;[0.78554237];[0.24289493]
1268;1/fuente_PCCS2 030 G305.21+30.30_30_5.jpg;[0.4887336];[0.29524377]
1269;1/fuente_PCCS2 030 G313.14+57.99_30_1.jpg;[0.9318684];[0.11138504]
1270;1/fuente_PCCS2 030 G313.14+57.99_30_2.jpg;[0.9668315];[0.05987274]
1271;1/fuente_PCCS2 030 G313.14+57.99_30_3.jpg;[0.917268];[0.10703629]
1272;1/fuente_PCCS2 030 G313.14+57.99_30_4.jpg;[0.9552067];[0.07202125]
1273;1/fuente_PCCS2 030 G313.14+57.99_30_5.jpg;[0.83679956];[0.22190602]
1274;1/fuente_PCCS2 030 G314.40-32.98_30_1.jpg;[0.99731934];[0.00745518]
1275;1/fuente_PCCS2 030 G314.40-32.98_30_2.jpg;[0.9861327];[0.04193297]
1276;1/fuente_PCCS2 030 G314.40-32.98_30_3.jpg;[0.98321474];[0.04189324]
1277;1/fuente_PCCS2 030 G314.40-32.98_30_4.jpg;[0.93423706];[0.15979522]
1278;1/fuente_PCCS2 030 G314.40-32.98_30_5.jpg;[0.99933153];[0.00217355]
1279;1/fuente_PCCS2 030 G319.46+74.22_30_1.jpg;[0.99755675];[0.01040397]
1280;1/fuente_PCCS2 030 G319.46+74.22_30_2.jpg;[0.99738383];[0.01905665]
1281;1/fuente_PCCS2 030 G319.46+74.22_30_3.jpg;[0.99827355];[0.00731274]
1282;1/fuente_PCCS2 030 G319.46+74.22_30_4.jpg;[0.9994684];[0.00156162]
1283;1/fuente_PCCS2 030 G319.46+74.22_30_5.jpg;[0.9994741];[0.00233829]
1284;1/fuente_PCCS2 030 G320.05+48.38_30_1.jpg;[1.];[1.4117622e-07]
1285;1/fuente_PCCS2 030 G320.05+48.38_30_2.jpg;[0.99999774];[1.6521062e-05]
1286;1/fuente_PCCS2 030 G320.05+48.38_30_3.jpg;[1.];[4.4984728e-07]
1287;1/fuente_PCCS2 030 G320.05+48.38_30_4.jpg;[0.9999991];[5.6915133e-06]
1288;1/fuente_PCCS2 030 G320.05+48.38_30_5.jpg;[0.9999989];[6.1933097e-06]
1289;1/fuente_PCCS2 030 G321.35+56.26_30_1.jpg;[0.9999679];[0.00015676]
1290;1/fuente_PCCS2 030 G321.35+56.26_30_2.jpg;[0.9999692];[0.00028385]
1291;1/fuente_PCCS2 030 G321.35+56.26_30_3.jpg;[0.99999774];[1.223642e-05]
1292;1/fuente_PCCS2 030 G321.35+56.26_30_4.jpg;[0.999999];[4.6099367e-06]
1293;1/fuente_PCCS2 030 G321.35+56.26_30_5.jpg;[0.9996032];[0.00265458]
1294;1/fuente_PCCS2 030 G330.37+39.64_30_1.jpg;[0.5822912];[0.33554688]
1295;1/fuente_PCCS2 030 G330.37+39.64_30_2.jpg;[0.71238816];[0.2923459]
1296;1/fuente_PCCS2 030 G330.37+39.64_30_3.jpg;[0.8946602];[0.16369468]
1297;1/fuente_PCCS2 030 G330.37+39.64_30_4.jpg;[0.80065745];[0.20721921]
1298;1/fuente_PCCS2 030 G330.37+39.64_30_5.jpg;[0.85924363];[0.18897022]
1299;1/fuente_PCCS2 030 G331.79+42.00_30_1.jpg;[0.9791862];[0.03776666]
1300;1/fuente_PCCS2 030 G331.79+42.00_30_2.jpg;[0.8859402];[0.13946904]
1301;1/fuente_PCCS2 030 G331.79+42.00_30_3.jpg;[0.9514736];[0.06347069]
1302;1/fuente_PCCS2 030 G331.79+42.00_30_4.jpg;[0.90811014];[0.16572621]
1303;1/fuente_PCCS2 030 G331.79+42.00_30_5.jpg;[0.9743609];[0.0471184]
1304;1/fuente_PCCS2 030 G333.28+34.44_30_1.jpg;[0.99661237];[0.00898315]
1305;1/fuente_PCCS2 030 G333.28+34.44_30_2.jpg;[0.9973856];[0.01321578]
1306;1/fuente_PCCS2 030 G333.28+34.44_30_3.jpg;[0.94414103];[0.12405708]
1307;1/fuente_PCCS2 030 G333.28+34.44_30_4.jpg;[0.9934816];[0.05280998]
1308;1/fuente_PCCS2 030 G333.28+34.44_30_5.jpg;[0.9873661];[0.03772011]
1309;1/fuente_PCCS2 030 G333.39+51.25_30_1.jpg;[0.6618378];[0.31923044]
1310;1/fuente_PCCS2 030 G333.39+51.25_30_2.jpg;[0.5809038];[0.3344847]
1311;1/fuente_PCCS2 030 G333.39+51.25_30_3.jpg;[0.93606466];[0.12855048]
1312;1/fuente_PCCS2 030 G333.39+51.25_30_4.jpg;[0.8990952];[0.16214111]
1313;1/fuente_PCCS2 030 G333.39+51.25_30_5.jpg;[0.96433747];[0.12176879]
1314;1/fuente_PCCS2 030 G335.16-80.32_30_1.jpg;[0.999995];[2.3576033e-05]
1315;1/fuente_PCCS2 030 G335.16-80.32_30_2.jpg;[0.9999517];[0.00025474]
1316;1/fuente_PCCS2 030 G335.16-80.32_30_3.jpg;[0.99987894];[0.00040592]
1317;1/fuente_PCCS2 030 G335.16-80.32_30_4.jpg;[0.9999544];[0.00023785]
1318;1/fuente_PCCS2 030 G335.16-80.32_30_5.jpg;[0.9999976];[1.3949469e-05]
1319;1/fuente_PCCS2 030 G338.40+66.28_30_1.jpg;[0.99880755];[0.00362991]
1320;1/fuente_PCCS2 030 G338.40+66.28_30_2.jpg;[0.99077284];[0.04391582]
1321;1/fuente_PCCS2 030 G338.40+66.28_30_3.jpg;[0.9981584];[0.00682863]
1322;1/fuente_PCCS2 030 G338.40+66.28_30_4.jpg;[0.99792844];[0.01174139]
1323;1/fuente_PCCS2 030 G338.40+66.28_30_5.jpg;[0.99927145];[0.00218796]
1324;1/fuente_PCCS2 030 G339.89-49.89_30_1.jpg;[0.9999992];[4.1673366e-06]
1325;1/fuente_PCCS2 030 G339.89-49.89_30_2.jpg;[0.9999759];[0.00022094]
1326;1/fuente_PCCS2 030 G339.89-49.89_30_3.jpg;[0.99998206];[0.00016147]
1327;1/fuente_PCCS2 030 G339.89-49.89_30_4.jpg;[0.99999887];[4.983651e-06]
1328;1/fuente_PCCS2 030 G339.89-49.89_30_5.jpg;[0.99999964];[2.4115732e-06]
1329;1/fuente_PCCS2 030 G344.49-56.09_30_1.jpg;[0.99999654];[1.649762e-05]
1330;1/fuente_PCCS2 030 G344.49-56.09_30_2.jpg;[0.9998765];[0.00115441]
1331;1/fuente_PCCS2 030 G344.49-56.09_30_3.jpg;[0.99999166];[6.874043e-05]
1332;1/fuente_PCCS2 030 G344.49-56.09_30_4.jpg;[0.9999967];[1.435504e-05]
1333;1/fuente_PCCS2 030 G344.49-56.09_30_5.jpg;[0.9999989];[5.5547753e-06]
1334;1/fuente_PCCS2 030 G349.52-68.21_30_1.jpg;[0.9981513];[0.00577235]
1335;1/fuente_PCCS2 030 G349.52-68.21_30_2.jpg;[0.9986856];[0.00422069]
1336;1/fuente_PCCS2 030 G349.52-68.21_30_3.jpg;[0.9995259];[0.00118268]
1337;1/fuente_PCCS2 030 G349.52-68.21_30_4.jpg;[0.99818647];[0.00637069]
1338;1/fuente_PCCS2 030 G349.52-68.21_30_5.jpg;[0.974311];[0.04812178]
1339;1/fuente_PCCS2 030 G353.92+42.98_30_1.jpg;[0.99989897];[0.00041336]
1340;1/fuente_PCCS2 030 G353.92+42.98_30_2.jpg;[0.99998856];[6.628582e-05]
1341;1/fuente_PCCS2 030 G353.92+42.98_30_3.jpg;[0.99996096];[0.00022684]
1342;1/fuente_PCCS2 030 G353.92+42.98_30_4.jpg;[0.999988];[6.200929e-05]
1343;1/fuente_PCCS2 030 G353.92+42.98_30_5.jpg;[0.99994504];[0.00029528]
1344;1/fuente_PCCS2 030 G359.02+36.63_30_1.jpg;[0.9825632];[0.06587057]
1345;1/fuente_PCCS2 030 G359.02+36.63_30_2.jpg;[0.9644957];[0.08322158]
1346;1/fuente_PCCS2 030 G359.02+36.63_30_3.jpg;[0.988965];[0.05297673]
1347;1/fuente_PCCS2 030 G359.02+36.63_30_4.jpg;[0.98894984];[0.03752366]
1348;1/fuente_PCCS2 030 G359.02+36.63_30_5.jpg;[0.99426514];[0.03664087]
1349;1/.ipynb_checkpoints/fuente_PCCS2 030 G001.40+45.99_30_1-checkpoint.jpg;[0.9999529];[0.00032283]
1350;1/.ipynb_checkpoints/fuente_PCCS2 030 G001.40+45.99_30_2-checkpoint.jpg;[0.999995];[2.0247946e-05]
1351;1/.ipynb_checkpoints/fuente_PCCS2 030 G002.46+61.45_30_1-checkpoint.jpg;[0.9884965];[0.04234501]
1352;1/.ipynb_checkpoints/fuente_PCCS2 030 G004.14+35.54_30_1-checkpoint.jpg;[0.8730916];[0.16718397]
1353;1/.ipynb_checkpoints/fuente_PCCS2 030 G025.11+62.22_30_1-checkpoint.jpg;[0.9845297];[0.03896329]
1354;1/.ipynb_checkpoints/fuente_PCCS2 030 G040.54-40.96_30_1-checkpoint.jpg;[0.99999404];[3.909081e-05]
1355;1/.ipynb_checkpoints/fuente_PCCS2 030 G055.23-51.70_30_1-checkpoint.jpg;[0.9999987];[1.0011171e-05]
1356;1/.ipynb_checkpoints/fuente_PCCS2 030 G070.94+65.81_30_2-checkpoint.jpg;[0.99891955];[0.00343707]
1357;1/.ipynb_checkpoints/fuente_PCCS2 030 G080.10+70.78_30_1-checkpoint.jpg;[0.9791306];[0.07200044]
1358;1/.ipynb_checkpoints/fuente_PCCS2 030 G085.76+37.84_30_2-checkpoint.jpg;[0.9998196];[0.00066929]
1359;1/.ipynb_checkpoints/fuente_PCCS2 030 G099.56+35.21_30_1-checkpoint.jpg;[0.40141538];[0.37777284]
1360;1/.ipynb_checkpoints/fuente_PCCS2 030 G100.68+36.61_30_2-checkpoint.jpg;[0.9999998];[8.7367073e-07]
1361;1/.ipynb_checkpoints/fuente_PCCS2 030 G112.33+57.52_30_2-checkpoint.jpg;[0.98581123];[0.05607917]
1362;1/.ipynb_checkpoints/fuente_PCCS2 030 G115.13-64.83_30_3-checkpoint.jpg;[0.9999893];[5.9929847e-05]
1363;1/.ipynb_checkpoints/fuente_PCCS2 030 G135.44+42.27_30_1-checkpoint.jpg;[0.9994074];[0.00403854]
1364;1/.ipynb_checkpoints/fuente_PCCS2 030 G136.01-59.16_30_2-checkpoint.jpg;[0.92148644];[0.10652488]
1365;1/.ipynb_checkpoints/fuente_PCCS2 030 G152.59-47.34_30_2-checkpoint.jpg;[0.99996984];[0.00010094]
1366;1/.ipynb_checkpoints/fuente_PCCS2 030 G321.35+56.26_30_1-checkpoint.jpg;[0.9999899];[3.1857242e-05]
1367;1/.ipynb_checkpoints/fuente_PCCS2 030 G333.28+34.44_30_1-checkpoint.jpg;[0.9980856];[0.00521729]
1368;1/.ipynb_checkpoints/fuente_PCCS2 030 G335.16-80.32_30_1-checkpoint.jpg;[0.9999984];[6.802491e-06]
1369;1/.ipynb_checkpoints/fuente_PCCS2 030 G338.40+66.28_30_1-checkpoint.jpg;[0.9992497];[0.00343721]
1370;1/.ipynb_checkpoints/fuente_PCCS2 030 G344.49-56.09_30_1-checkpoint.jpg;[0.9999868];[5.9656333e-05]
1371;1/.ipynb_checkpoints/fuente_PCCS2 030 G349.52-68.21_30_1-checkpoint.jpg;[0.998563];[0.00380849]
1372;1/.ipynb_checkpoints/fuente_PCCS2 030 G353.92+42.98_30_1-checkpoint.jpg;[0.9997742];[0.00107989]
